id,text,sentiment,brand,platform,location,likes,retweets,timestamp
1192,The app asked me to rate my experience. Will do later. tbh,neutral,Airtel,Facebook,Bangalore,3586,768,2026-02-26 00:39:16
1078,Just signed up for the service. Will post a review later. lol,neutral,Ola,Twitter,Jaipur,3398,663,2026-03-27 13:00:16
85,Flipkart customer service resolved my issue in minutes. Impressed!,positive,HDFC Bank,Facebook,Jaipur,1516,196,2026-04-04 13:44:16
1144,Notification says my order is nearby. Fingers crossed.,neutral,MakeMyTrip,Trustpilot,Pune,4281,932,2026-03-17 17:40:16
789,"Terrible UI, hard to navigate, laggy. Not worth using.",negative,Meesho,Google Reviews,Bangalore,3034,641,2026-03-03 14:34:16
1148,Saw an ad for this product. Anyone tried it?,neutral,Netflix,Reddit,Delhi,2206,648,2026-02-01 17:02:16
1316,The app asked me to rate my experience. Will do later.,neutral,Jio,Facebook,Hyderabad,2197,507,2026-04-06 07:24:16
743,Three cancellations in a row. Your service is unreliable.,negative,Amazon,Play Store,Chennai,2187,821,2026-04-20 04:33:16
1283,The cashback will reflect in 3-5 business days apparently.,neutral,Netflix,Reddit,Pune,940,920,2026-04-05 12:54:16
1010,Notification says my order is nearby. Fingers crossed. tbh,neutral,Jio,Facebook,Kochi,3367,238,2026-02-14 15:35:16
243,Fast internet speeds all day. The telecom finally delivered.,positive,Meesho,Play Store,Bangalore,2379,43,2026-03-26 15:09:16
854,Paid for express delivery and it took 5 days. Ridiculous!,negative,MakeMyTrip,Trustpilot,Jaipur,4418,585,2026-03-02 21:39:16
777,Data privacy is a concern. This app accesses too much. omg,negative,MakeMyTrip,Play Store,Kolkata,1628,765,2026-02-05 03:00:16
21,Fast internet speeds all day. The telecom finally delivered.,positive,Swiggy,Reddit,Hyderabad,524,346,2026-04-29 18:39:16
1404,Customer support asked for more details about my issue.,neutral,Amazon,Instagram,Kochi,209,108,2026-02-14 06:23:16
554,App UI is confusing and hard to use. Very poor design.,negative,Swiggy,Reddit,Jaipur,3281,804,2026-03-19 19:35:16
875,Zomato driver was rude and delivered the wrong order.,negative,Nykaa,Google Reviews,Pune,739,406,2026-04-15 06:07:16
906,The food was cold and stale. Never ordering from here again.,negative,Netflix,Trustpilot,Kolkata,950,916,2026-02-28 11:46:16
305,Flipkart customer service resolved my issue in minutes. Impressed! lol,positive,BookMyShow,Facebook,Kochi,4899,803,2026-03-22 01:14:16
930,Netflix keeps buffering. Your streaming quality is horrible.,negative,Airtel,Instagram,Ahmedabad,3456,22,2026-04-18 07:17:16
964,Platform is full of fake reviews. Very misleading. #disappointed,negative,Netflix,Trustpilot,Ahmedabad,1059,991,2026-01-31 20:19:16
439,"Best banking app ever. Zero crashes, super fast transactions.",positive,Amazon,Google Reviews,Jaipur,164,885,2026-02-04 12:44:16
781,App UI is confusing and hard to use. Very poor design.,negative,Amazon,Instagram,Delhi,3813,469,2026-03-10 07:26:16
92,"Smooth checkout, accurate tracking, on-time delivery. Perfect!",positive,Amazon,Twitter,Kochi,812,970,2026-04-05 17:01:16
763,The app crashes every time I open it. Fix your bugs!,negative,Zomato,Trustpilot,Kochi,375,248,2026-02-01 17:06:16
1165,Notification says my order is nearby. Fingers crossed.,neutral,Meesho,Facebook,Chennai,2450,494,2026-03-26 05:01:16
1490,Considering switching plans. Need to compare options first. lol,neutral,MakeMyTrip,Twitter,Bangalore,85,222,2026-02-10 01:45:16
183,Loving every episode. This is award-winning content for sure.,positive,Meesho,Reddit,Pune,4672,451,2026-03-04 03:25:16
1469,Zomato has added new restaurants to my area.,neutral,Swiggy,Reddit,Chennai,1460,269,2026-02-19 10:06:16
361,Discounts during the sale were amazing. Saved so much money!,positive,BYJU's,Trustpilot,Delhi,136,601,2026-04-24 12:58:16
729,Damaged product delivered. Photos clearly show the damage.,negative,Meesho,App Store,Ahmedabad,4234,80,2026-02-24 18:09:16
778,My account got locked for no reason. Very frustrating! 🔥,negative,Swiggy,Reddit,Kolkata,1638,384,2026-04-04 10:44:16
555,App UI is confusing and hard to use. Very poor design.,negative,Zomato,Instagram,Kolkata,43,823,2026-04-21 08:44:16
119,Flipkart customer service resolved my issue in minutes. Impressed!,positive,Uber,App Store,Mumbai,376,332,2026-04-25 03:52:16
1102,Saw the movie listing. Might go this weekend.,neutral,Swiggy,App Store,Delhi,3094,127,2026-03-28 10:53:16
506,Zomato driver was rude and delivered the wrong order. #happy,negative,BookMyShow,Trustpilot,Jaipur,72,117,2026-02-06 01:46:16
45,"Best banking app ever. Zero crashes, super fast transactions. #avoid",positive,Swiggy,Google Reviews,Mumbai,3855,227,2026-04-06 22:52:16
294,Discounts during the sale were amazing. Saved so much money!,positive,Ola,Twitter,Bangalore,677,511,2026-03-07 16:24:16
99,Exceeded all expectations. Highly recommend to everyone!,positive,Zomato,Facebook,Hyderabad,4712,601,2026-04-29 15:22:16
589,Flipkart sent me a broken product. Absolute waste of money. omg,negative,BookMyShow,Twitter,Mumbai,3252,536,2026-04-22 09:58:16
644,"Terrible UI, hard to navigate, laggy. Not worth using. 🔥",negative,Flipkart,Play Store,Bangalore,702,115,2026-04-26 05:35:16
993,My account got locked for no reason. Very frustrating!,negative,Swiggy,Facebook,Jaipur,253,913,2026-02-05 22:31:16
723,The app crashes every time I open it. Fix your bugs! tbh,negative,Meesho,Play Store,Kolkata,1263,295,2026-02-06 09:06:16
1498,Not sure if I should upgrade to the premium plan.,neutral,MakeMyTrip,Twitter,Pune,856,644,2026-03-18 13:04:16
148,Exceeded all expectations. Highly recommend to everyone!,positive,Jio,Google Reviews,Delhi,2560,437,2026-03-22 15:58:16
30,"Unboxing was a delight. Premium quality, fast delivery. Worth every rupee. 👎",positive,Flipkart,Twitter,Kochi,4441,62,2026-03-23 12:11:16
1118,Checked the website. The product is still in stock.,neutral,Ola,Play Store,Kolkata,3126,669,2026-02-08 19:20:16
1172,Saw an ad for this product. Anyone tried it? #avoid,neutral,Flipkart,Facebook,Hyderabad,2333,41,2026-04-15 00:48:16
657,App UI is confusing and hard to use. Very poor design.,negative,BookMyShow,Instagram,Kolkata,1189,671,2026-02-19 07:54:16
1064,The new Netflix show premiered today. Haven't watched yet.,neutral,BookMyShow,Reddit,Ahmedabad,391,856,2026-02-09 20:33:16
907,My package has been stuck in transit for 10 days. Unacceptable!,negative,BookMyShow,Trustpilot,Ahmedabad,4038,115,2026-04-14 09:52:16
785,Three cancellations in a row. Your service is unreliable.,negative,Netflix,Twitter,Kolkata,362,41,2026-03-02 13:25:16
352,Absolutely love this product! Best purchase I've made all year.,positive,Meesho,Facebook,Kolkata,1082,489,2026-04-23 05:50:16
726,Platform is full of fake reviews. Very misleading.,negative,HDFC Bank,Reddit,Bangalore,3479,619,2026-05-01 18:43:16
140,Netflix's new series is absolutely mind-blowing. Can't stop watching!,positive,BookMyShow,Reddit,Kochi,1769,832,2026-04-03 02:25:16
413,Netflix's new series is absolutely mind-blowing. Can't stop watching!,positive,MakeMyTrip,Trustpilot,Mumbai,3533,965,2026-02-08 07:36:16
146,The new update is so smooth. Great work by the dev team! 👎,positive,MakeMyTrip,Play Store,Kolkata,4893,543,2026-03-25 22:42:16
444,The packaging is eco-friendly AND beautiful. Good job brand! #mustwatch,positive,Uber,App Store,Hyderabad,1228,529,2026-04-02 11:23:16
126,Swiggy support gave me a refund instantly. Highly impressed.,positive,Airtel,App Store,Hyderabad,4973,821,2026-03-18 05:34:16
378,Prompt refund processed in 2 days. That's what I call service!,positive,Swiggy,Reddit,Jaipur,1951,429,2026-03-01 12:05:16
1000,Product doesn't match the description at all. Misleading.,negative,Amazon,Reddit,Mumbai,4365,629,2026-03-30 15:39:16
531,No one from support has called back in 3 days. Pathetic.,negative,Netflix,Trustpilot,Pune,331,224,2026-03-01 06:10:16
1276,Ordered the product last night. Delivery expected in 3 days.,neutral,Flipkart,Google Reviews,Chennai,423,281,2026-04-22 08:34:16
954,My account got locked for no reason. Very frustrating! 👎,negative,Swiggy,Twitter,Jaipur,2740,399,2026-04-15 20:40:16
1414,My order status shows 'out for delivery'. Let's see. !!!,neutral,Jio,App Store,Jaipur,3849,760,2026-04-20 08:19:16
603,Hidden charges appeared at checkout. Totally misleading pricing.,negative,BYJU's,Trustpilot,Pune,3798,713,2026-04-28 03:09:16
1187,Flipkart's sale starts tomorrow. Checking out the deals. #avoid,neutral,MakeMyTrip,Facebook,Mumbai,4805,991,2026-02-08 07:02:16
295,Exceeded all expectations. Highly recommend to everyone!,positive,Meesho,Facebook,Jaipur,348,235,2026-04-04 14:18:16
1410,My order status shows 'out for delivery'. Let's see.,neutral,Nykaa,Google Reviews,Pune,652,360,2026-02-19 21:10:16
1110,Just received my order. Will update once I try the product.,neutral,Meesho,Play Store,Mumbai,2950,894,2026-04-26 13:54:16
686,Constant outages. Your service reliability is a joke.,negative,Uber,Reddit,Kochi,3396,423,2026-04-27 02:52:16
800,Waited 2 hours for my order and it still hasn't arrived. Terrible! !!!,negative,Zomato,Reddit,Jaipur,2751,421,2026-02-17 02:33:16
1368,Zomato has added new restaurants to my area.,neutral,Netflix,App Store,Delhi,966,510,2026-04-03 11:36:16
845,The refund promised 7 days ago has still not arrived.,negative,Jio,Facebook,Hyderabad,3479,742,2026-02-28 04:26:16
340,Discounts during the sale were amazing. Saved so much money! #disappointed,positive,Netflix,Play Store,Chennai,2370,586,2026-03-28 20:17:16
658,Netflix keeps buffering. Your streaming quality is horrible.,negative,Uber,Facebook,Bangalore,2601,859,2026-04-13 14:13:16
479,Finally a food delivery app that gets it right. Bravo Zomato!,positive,Meesho,Reddit,Delhi,3760,454,2026-02-17 23:09:16
288,So easy to use. Even my grandmother figured it out in seconds. 🔥,positive,BookMyShow,Trustpilot,Pune,495,632,2026-02-09 15:15:16
437,Great experience from start to finish. Will definitely buy again. omg,positive,MakeMyTrip,Play Store,Pune,1339,857,2026-03-29 13:21:16
1137,Not sure if I should upgrade to the premium plan.,neutral,Uber,Facebook,Kochi,1483,393,2026-03-01 16:30:16
705,Customer support is useless. They just give scripted replies.,negative,Nykaa,Trustpilot,Kochi,2913,319,2026-03-21 06:29:16
1456,Considering switching plans. Need to compare options first.,neutral,BYJU's,Reddit,Mumbai,4042,258,2026-03-11 03:27:16
528,The food was cold and stale. Never ordering from here again.,negative,BookMyShow,Trustpilot,Bangalore,2996,401,2026-04-03 18:28:16
1249,The email confirmation came through. Waiting now.,neutral,Swiggy,Facebook,Bangalore,887,939,2026-03-13 00:02:16
928,The new update ruined everything. Please roll it back.,negative,Swiggy,Instagram,Bangalore,113,195,2026-04-18 12:30:16
543,Hidden charges appeared at checkout. Totally misleading pricing.,negative,MakeMyTrip,Facebook,Hyderabad,3098,394,2026-04-16 10:13:16
452,Amazon Prime delivery was super fast. Product quality is excellent.,positive,MakeMyTrip,Trustpilot,Bangalore,2591,883,2026-04-09 10:43:16
289,Love how the brand listens to customer feedback. Keep it up!,positive,Ola,Trustpilot,Mumbai,54,544,2026-02-21 00:14:16
1185,Tracking shows my parcel is in Bangalore warehouse. #mustwatch,neutral,Zomato,Instagram,Pune,2953,759,2026-03-16 13:25:16
1252,The new Netflix show premiered today. Haven't watched yet.,neutral,BYJU's,Google Reviews,Mumbai,2961,808,2026-03-07 22:01:16
125,Absolutely love this product! Best purchase I've made all year.,positive,Ola,Google Reviews,Chennai,66,579,2026-02-03 14:11:16
1364,The new feature is available. Yet to explore it fully. ...,neutral,Jio,Reddit,Delhi,4768,24,2026-02-10 16:08:16
680,Customer support is useless. They just give scripted replies.,negative,MakeMyTrip,Instagram,Ahmedabad,4742,368,2026-04-28 10:25:16
1133,Read mixed reviews online. Deciding whether to buy. #trending,neutral,Swiggy,Play Store,Kochi,3553,993,2026-04-12 16:28:16
876,No one from support has called back in 3 days. Pathetic.,negative,Nykaa,Facebook,Jaipur,4754,972,2026-02-24 04:43:16
1337,The app just got an update. Downloading it now.,neutral,Flipkart,App Store,Chennai,701,304,2026-02-18 16:45:16
784,Damaged product delivered. Photos clearly show the damage.,negative,Meesho,Reddit,Hyderabad,2681,444,2026-02-17 05:17:16
1405,Just signed up for the service. Will post a review later.,neutral,BYJU's,Play Store,Hyderabad,3103,850,2026-02-17 11:32:16
1373,The email confirmation came through. Waiting now. omg,neutral,Swiggy,Twitter,Pune,579,972,2026-03-09 17:27:16
1069,Ordered the product last night. Delivery expected in 3 days.,neutral,Jio,Google Reviews,Delhi,1903,218,2026-04-19 01:54:16
1141,Just received my order. Will update once I try the product.,neutral,BYJU's,Play Store,Delhi,320,131,2026-02-18 06:33:16
671,"Terrible UI, hard to navigate, laggy. Not worth using.",negative,Uber,Reddit,Ahmedabad,738,256,2026-03-21 14:33:16
246,Fast internet speeds all day. The telecom finally delivered.,positive,Ola,Reddit,Mumbai,820,423,2026-03-20 14:44:16
775,The food was cold and stale. Never ordering from here again. lol,negative,Amazon,Reddit,Kolkata,2059,342,2026-02-12 23:12:16
404,Flipkart customer service resolved my issue in minutes. Impressed!,positive,HDFC Bank,Instagram,Bangalore,3578,810,2026-02-09 21:33:16
318,Finally a food delivery app that gets it right. Bravo Zomato!,positive,MakeMyTrip,Google Reviews,Pune,3526,108,2026-05-01 09:58:16
12,"Best banking app ever. Zero crashes, super fast transactions.",positive,Netflix,Trustpilot,Delhi,385,881,2026-04-18 08:34:16
1495,Notification says my order is nearby. Fingers crossed.,neutral,Uber,Google Reviews,Pune,2364,212,2026-03-19 14:42:16
1222,Ordered the product last night. Delivery expected in 3 days.,neutral,Zomato,Instagram,Delhi,1172,386,2026-04-28 14:47:16
1433,Ordered the product last night. Delivery expected in 3 days. !!!,neutral,Airtel,Reddit,Bangalore,317,428,2026-02-03 04:35:16
1208,The new Netflix show premiered today. Haven't watched yet.,neutral,Amazon,Facebook,Mumbai,364,105,2026-02-22 04:08:16
325,This app makes my life so much easier. Love the UI design. #happy,positive,Nykaa,Reddit,Ahmedabad,4851,439,2026-03-14 12:29:16
167,Flipkart customer service resolved my issue in minutes. Impressed! 🔥,positive,Netflix,Instagram,Delhi,1451,974,2026-02-10 21:45:16
1278,The app just got an update. Downloading it now. ...,neutral,Swiggy,Facebook,Ahmedabad,2960,934,2026-04-06 01:08:16
1465,Saw an ad for this product. Anyone tried it? omg,neutral,Swiggy,Twitter,Chennai,1537,204,2026-02-03 09:40:16
1471,The new menu options look interesting. Will try next time.,neutral,MakeMyTrip,Trustpilot,Hyderabad,1377,2,2026-04-03 07:09:16
917,Paid for express delivery and it took 5 days. Ridiculous!,negative,Jio,Trustpilot,Chennai,4612,614,2026-03-09 10:26:16
714,The battery drains so fast on this phone. Very disappointed. #mustwatch,negative,Swiggy,Trustpilot,Delhi,4851,610,2026-03-04 02:39:16
1419,The app just got an update. Downloading it now.,neutral,MakeMyTrip,Play Store,Ahmedabad,3107,328,2026-03-07 07:42:16
423,Fast internet speeds all day. The telecom finally delivered.,positive,Zomato,Instagram,Delhi,3678,177,2026-04-11 06:23:16
55,Very happy with my purchase. Packaging was neat and delivery was early.,positive,Ola,Play Store,Delhi,1924,688,2026-03-24 05:23:16
643,The refund promised 7 days ago has still not arrived.,negative,BYJU's,App Store,Bangalore,2864,631,2026-03-06 18:05:16
1250,Waiting for the sale to start to make my purchase.,neutral,HDFC Bank,Play Store,Kochi,3983,217,2026-02-01 13:44:16
568,Hidden charges appeared at checkout. Totally misleading pricing. ...,negative,Airtel,Play Store,Pune,1790,915,2026-02-18 05:03:16
268,Discounts during the sale were amazing. Saved so much money!,positive,Jio,Reddit,Hyderabad,3773,354,2026-04-13 05:02:16
1296,Not sure if I should upgrade to the premium plan. #trending,neutral,Ola,Twitter,Ahmedabad,2329,134,2026-03-12 11:17:16
1325,Just received my order. Will update once I try the product. tbh,neutral,Meesho,Reddit,Bangalore,2926,509,2026-04-29 05:38:16
474,The new update is so smooth. Great work by the dev team!,positive,Airtel,Facebook,Kolkata,3610,47,2026-04-24 04:33:16
1287,The new menu options look interesting. Will try next time. #avoid,neutral,Airtel,Google Reviews,Ahmedabad,3471,610,2026-03-29 02:35:16
620,Paid for express delivery and it took 5 days. Ridiculous! #trending,negative,MakeMyTrip,Google Reviews,Ahmedabad,4307,638,2026-02-01 18:58:16
88,Finally a food delivery app that gets it right. Bravo Zomato!,positive,Airtel,Facebook,Mumbai,4702,291,2026-03-02 21:46:16
158,Great experience from start to finish. Will definitely buy again.,positive,Flipkart,Facebook,Pune,3521,113,2026-03-26 15:31:16
40,The movie was fantastic. Brilliant screenplay and acting. omg,positive,BookMyShow,Google Reviews,Jaipur,79,114,2026-04-22 14:17:16
606,"Terrible UI, hard to navigate, laggy. Not worth using. #trending",negative,Flipkart,Trustpilot,Delhi,4269,681,2026-04-05 21:50:16
1358,Delivery partner just called to confirm my address.,neutral,Netflix,Play Store,Kochi,4757,356,2026-02-16 17:21:16
1182,Saw an ad for this product. Anyone tried it?,neutral,Amazon,Facebook,Chennai,2978,287,2026-03-18 14:48:16
1440,Waiting for the sale to start to make my purchase.,neutral,Jio,Google Reviews,Chennai,447,274,2026-02-28 14:00:16
1238,The price dropped slightly from last week. #avoid,neutral,Flipkart,Reddit,Bangalore,1319,986,2026-02-26 20:28:16
121,The packaging is eco-friendly AND beautiful. Good job brand!,positive,Ola,Reddit,Ahmedabad,4777,146,2026-04-02 22:34:16
1129,Checked the website. The product is still in stock. #disappointed,neutral,Jio,Facebook,Bangalore,2649,770,2026-02-17 11:20:16
668,Zomato driver was rude and delivered the wrong order.,negative,Nykaa,App Store,Chennai,3779,170,2026-03-09 03:35:16
1402,The restaurant I usually order from is closed today.,neutral,Ola,Google Reviews,Delhi,3493,896,2026-03-27 09:13:16
649,Overpriced for the quality you get. Not worth it at all. #mustwatch,negative,HDFC Bank,Facebook,Mumbai,2396,888,2026-02-08 01:00:16
31,"Smooth checkout, accurate tracking, on-time delivery. Perfect!",positive,Nykaa,Instagram,Mumbai,4160,82,2026-04-09 10:36:16
3,Love how the brand listens to customer feedback. Keep it up! 🔥,positive,Uber,Google Reviews,Hyderabad,3679,603,2026-03-28 12:26:16
398,Loving every episode. This is award-winning content for sure.,positive,Nykaa,Instagram,Bangalore,1937,606,2026-03-22 13:30:16
853,My account got locked for no reason. Very frustrating!,negative,Uber,Instagram,Ahmedabad,3528,137,2026-03-23 14:50:16
513,"Terrible UI, hard to navigate, laggy. Not worth using.",negative,Jio,Play Store,Mumbai,3190,689,2026-04-16 20:14:16
645,Three cancellations in a row. Your service is unreliable. 👎,negative,Zomato,Play Store,Delhi,2499,460,2026-03-03 12:53:16
831,App UI is confusing and hard to use. Very poor design. ...,negative,Flipkart,Instagram,Delhi,3480,707,2026-04-18 11:13:16
201,"Unboxing was a delight. Premium quality, fast delivery. Worth every rupee.",positive,BYJU's,App Store,Delhi,3477,80,2026-03-07 17:22:16
150,Flipkart customer service resolved my issue in minutes. Impressed!,positive,HDFC Bank,Instagram,Jaipur,491,600,2026-02-19 19:53:16
1033,The new feature is available. Yet to explore it fully.,neutral,Amazon,Google Reviews,Kolkata,4680,160,2026-03-16 04:39:16
376,Fast internet speeds all day. The telecom finally delivered.,positive,BYJU's,Reddit,Bangalore,52,954,2026-03-11 13:00:16
1234,The new Netflix show premiered today. Haven't watched yet.,neutral,BYJU's,Trustpilot,Mumbai,393,322,2026-04-21 04:14:16
1113,Not sure if I should upgrade to the premium plan.,neutral,Uber,Twitter,Bangalore,4079,815,2026-04-21 03:21:16
737,App UI is confusing and hard to use. Very poor design. ...,negative,BYJU's,Twitter,Pune,691,990,2026-04-13 17:15:16
19,The product quality has improved drastically. Really happy!,positive,BookMyShow,Instagram,Chennai,4322,893,2026-02-14 00:01:16
898,Waited 2 hours for my order and it still hasn't arrived. Terrible!,negative,Meesho,Play Store,Kolkata,1738,730,2026-03-13 14:47:16
929,Worst experience ever. Filed a complaint but got no response.,negative,Flipkart,Trustpilot,Bangalore,1980,446,2026-02-10 20:02:16
240,Customer support was extremely helpful and resolved everything quickly.,positive,Meesho,App Store,Kochi,3966,196,2026-04-01 04:39:16
796,App UI is confusing and hard to use. Very poor design.,negative,Meesho,App Store,Ahmedabad,3015,819,2026-02-04 14:23:16
355,Finally a food delivery app that gets it right. Bravo Zomato! lol,positive,Uber,Reddit,Bangalore,3372,630,2026-02-03 22:19:16
190,Amazon Prime delivery was super fast. Product quality is excellent.,positive,BookMyShow,Google Reviews,Delhi,2360,243,2026-03-25 10:11:16
211,Very happy with my purchase. Packaging was neat and delivery was early.,positive,Meesho,Instagram,Bangalore,2961,520,2026-04-04 10:02:16
885,Netflix keeps buffering. Your streaming quality is horrible.,negative,Airtel,Trustpilot,Kolkata,2725,734,2026-03-09 09:22:16
720,Food arrived without utensils. How do you expect me to eat? 👎,negative,Zomato,Play Store,Jaipur,435,0,2026-01-31 19:22:16
856,My package has been stuck in transit for 10 days. Unacceptable!,negative,Amazon,Play Store,Mumbai,230,604,2026-04-27 08:21:16
124,The packaging is eco-friendly AND beautiful. Good job brand!,positive,Flipkart,Google Reviews,Kochi,2940,588,2026-03-25 14:56:16
1351,Not sure if I should upgrade to the premium plan.,neutral,Ola,App Store,Kolkata,3160,714,2026-04-18 22:48:16
1292,The app asked me to rate my experience. Will do later.,neutral,Airtel,Play Store,Hyderabad,4600,67,2026-03-14 03:36:16
959,Data privacy is a concern. This app accesses too much.,negative,Ola,Reddit,Pune,2451,291,2026-02-05 14:38:16
397,"Ordered groceries on Swiggy Instamart, arrived in 8 minutes. Wow! #mustwatch",positive,Flipkart,App Store,Jaipur,458,782,2026-04-03 18:20:16
971,"Terrible UI, hard to navigate, laggy. Not worth using.",negative,Ola,Trustpilot,Bangalore,2664,91,2026-02-11 15:35:16
153,Brilliant feature update. This is exactly what users needed. 🔥,positive,BYJU's,Google Reviews,Jaipur,4560,26,2026-02-13 15:21:16
466,"Unboxing was a delight. Premium quality, fast delivery. Worth every rupee.",positive,Zomato,Twitter,Delhi,904,855,2026-02-17 15:43:16
1142,Customer support asked for more details about my issue. 👎,neutral,Meesho,Twitter,Delhi,1021,518,2026-03-25 01:40:16
1219,Got an OTP for my account. All seems normal.,neutral,Uber,Reddit,Delhi,1926,370,2026-05-02 06:20:16
172,"Unboxing was a delight. Premium quality, fast delivery. Worth every rupee.",positive,Zomato,Trustpilot,Delhi,2813,731,2026-04-21 20:33:16
143,The movie was fantastic. Brilliant screenplay and acting. #avoid,positive,Jio,Facebook,Delhi,3901,459,2026-03-16 20:37:16
257,Fast internet speeds all day. The telecom finally delivered.,positive,BYJU's,App Store,Delhi,2416,376,2026-02-13 06:00:16
420,The movie was fantastic. Brilliant screenplay and acting.,positive,Amazon,Reddit,Chennai,4622,63,2026-04-12 14:32:16
354,Brilliant feature update. This is exactly what users needed.,positive,Meesho,Instagram,Bangalore,560,543,2026-02-19 12:35:16
1262,The price dropped slightly from last week.,neutral,Jio,Google Reviews,Pune,2885,848,2026-02-21 23:41:16
755,Subscription auto-renewed without my consent. Scam!,negative,Uber,Facebook,Jaipur,1850,3,2026-03-13 14:22:16
35,Flipkart customer service resolved my issue in minutes. Impressed! 🔥,positive,BookMyShow,App Store,Bangalore,2859,902,2026-04-24 05:51:16
298,"Ordered groceries on Swiggy Instamart, arrived in 8 minutes. Wow!",positive,MakeMyTrip,Google Reviews,Jaipur,2717,393,2026-04-14 14:28:16
824,My package has been stuck in transit for 10 days. Unacceptable! 👎,negative,BookMyShow,Facebook,Jaipur,1587,784,2026-02-11 07:26:16
972,Subscription auto-renewed without my consent. Scam!,negative,Nykaa,Google Reviews,Pune,4431,46,2026-02-05 22:27:16
1425,Downloaded the app. Setting up my profile right now.,neutral,Netflix,Twitter,Kochi,325,982,2026-02-21 19:23:16
134,Great experience from start to finish. Will definitely buy again.,positive,Amazon,Google Reviews,Delhi,1145,46,2026-04-28 03:43:16
1314,Read mixed reviews online. Deciding whether to buy.,neutral,Swiggy,Twitter,Hyderabad,909,224,2026-04-18 11:17:16
935,Hidden charges appeared at checkout. Totally misleading pricing.,negative,Amazon,Google Reviews,Ahmedabad,957,506,2026-02-11 16:52:16
1044,Just received my order. Will update once I try the product.,neutral,Ola,Play Store,Pune,1847,429,2026-03-08 15:26:16
224,Very happy with my purchase. Packaging was neat and delivery was early.,positive,Meesho,Google Reviews,Hyderabad,1308,833,2026-03-21 18:28:16
640,Subscription auto-renewed without my consent. Scam!,negative,Netflix,Instagram,Ahmedabad,4581,202,2026-03-01 00:33:16
1195,The app asked me to rate my experience. Will do later. !!!,neutral,Netflix,Reddit,Mumbai,4370,243,2026-03-26 11:34:16
109,Swiggy support gave me a refund instantly. Highly impressed.,positive,Uber,Instagram,Delhi,2263,791,2026-03-10 02:15:16
1233,Saw the trailer. Might watch the new series this weekend. 👎,neutral,Flipkart,Reddit,Mumbai,1968,275,2026-04-21 18:38:16
1497,My order status shows 'out for delivery'. Let's see. !!!,neutral,BookMyShow,Instagram,Ahmedabad,1145,478,2026-02-16 02:51:16
1125,My subscription renews next week. Checking plans.,neutral,Uber,Trustpilot,Hyderabad,4055,298,2026-02-01 01:11:16
478,"Ordered groceries on Swiggy Instamart, arrived in 8 minutes. Wow! omg",positive,HDFC Bank,Reddit,Pune,2278,51,2026-02-27 05:39:16
193,"Best banking app ever. Zero crashes, super fast transactions.",positive,Netflix,Facebook,Jaipur,2954,69,2026-02-23 19:42:16
1018,Ordered the product last night. Delivery expected in 3 days.,neutral,HDFC Bank,Reddit,Ahmedabad,3828,614,2026-02-03 02:20:16
1346,The app asked me to rate my experience. Will do later. !!!,neutral,Zomato,Instagram,Kochi,991,532,2026-04-20 06:01:16
614,Zomato driver was rude and delivered the wrong order.,negative,Airtel,Reddit,Kochi,1528,556,2026-03-19 02:28:16
835,Netflix keeps buffering. Your streaming quality is horrible. #avoid,negative,Amazon,Play Store,Pune,1315,875,2026-02-26 13:35:16
1281,Not sure if I should upgrade to the premium plan.,neutral,Meesho,Twitter,Delhi,2808,355,2026-03-01 17:36:16
1168,Tracking shows my parcel is in Bangalore warehouse.,neutral,Zomato,Play Store,Bangalore,3293,363,2026-05-01 09:47:16
586,Food arrived without utensils. How do you expect me to eat?,negative,Swiggy,Instagram,Pune,1869,321,2026-03-22 16:56:16
1054,My order status shows 'out for delivery'. Let's see.,neutral,Uber,Facebook,Chennai,3738,355,2026-02-01 14:24:16
346,Amazon Prime delivery was super fast. Product quality is excellent.,positive,HDFC Bank,App Store,Pune,4483,591,2026-04-15 18:20:16
1059,Ordered the product last night. Delivery expected in 3 days.,neutral,Airtel,Twitter,Delhi,3783,390,2026-03-19 13:49:16
450,"Smooth checkout, accurate tracking, on-time delivery. Perfect! !!!",positive,Airtel,Twitter,Kochi,4753,966,2026-02-12 10:44:16
1162,The app asked me to rate my experience. Will do later.,neutral,BookMyShow,Play Store,Hyderabad,4326,700,2026-02-14 11:36:16
1479,Ordered the product last night. Delivery expected in 3 days. 👎,neutral,HDFC Bank,Facebook,Pune,2078,514,2026-04-30 17:57:16
139,The product quality has improved drastically. Really happy! #mustwatch,positive,MakeMyTrip,Twitter,Mumbai,2732,249,2026-04-15 19:01:16
401,Love how the brand listens to customer feedback. Keep it up! #disappointed,positive,Airtel,Twitter,Pune,1650,825,2026-04-16 02:29:16
1461,Saw an ad for this product. Anyone tried it?,neutral,Ola,Trustpilot,Bangalore,4481,428,2026-03-12 12:56:16
1484,The price dropped slightly from last week.,neutral,HDFC Bank,Facebook,Jaipur,2273,873,2026-04-07 16:35:16
1348,Read mixed reviews online. Deciding whether to buy.,neutral,Meesho,Reddit,Jaipur,2132,841,2026-02-12 15:46:16
503,The food was cold and stale. Never ordering from here again.,negative,Ola,App Store,Ahmedabad,4691,563,2026-03-18 10:24:16
390,The new update is so smooth. Great work by the dev team! lol,positive,Swiggy,Twitter,Ahmedabad,414,172,2026-02-17 23:22:16
675,Zomato driver was rude and delivered the wrong order.,negative,Airtel,App Store,Bangalore,963,920,2026-04-16 07:14:16
1399,Customer support asked for more details about my issue.,neutral,Meesho,Trustpilot,Kochi,2599,42,2026-02-20 15:00:16
1218,Notification says my order is nearby. Fingers crossed.,neutral,BookMyShow,Reddit,Kolkata,684,594,2026-03-09 20:38:16
617,Food arrived without utensils. How do you expect me to eat?,negative,MakeMyTrip,Reddit,Pune,518,674,2026-02-23 01:02:16
447,Prompt refund processed in 2 days. That's what I call service!,positive,Ola,Trustpilot,Pune,4155,307,2026-04-10 15:18:16
1315,The new Netflix show premiered today. Haven't watched yet.,neutral,Flipkart,Facebook,Jaipur,827,282,2026-04-03 17:30:16
430,This app makes my life so much easier. Love the UI design.,positive,HDFC Bank,Reddit,Mumbai,3892,942,2026-03-29 02:13:16
1104,Not sure if I should upgrade to the premium plan.,neutral,Zomato,Facebook,Hyderabad,4278,810,2026-05-02 00:36:16
1422,The new Netflix show premiered today. Haven't watched yet.,neutral,Uber,Reddit,Kolkata,4252,284,2026-02-17 17:54:16
51,Exceeded all expectations. Highly recommend to everyone!,positive,Swiggy,App Store,Jaipur,2533,682,2026-03-11 02:49:16
700,Zomato driver was rude and delivered the wrong order. 👎,negative,Ola,Reddit,Pune,1642,197,2026-03-27 04:40:16
749,Three cancellations in a row. Your service is unreliable. omg,negative,Nykaa,App Store,Kolkata,2649,263,2026-04-12 10:57:16
470,Fast internet speeds all day. The telecom finally delivered.,positive,HDFC Bank,Play Store,Bangalore,932,410,2026-03-11 22:57:16
1084,My order status shows 'out for delivery'. Let's see.,neutral,Flipkart,App Store,Ahmedabad,655,973,2026-03-17 00:50:16
459,Amazon Prime delivery was super fast. Product quality is excellent. tbh,positive,Zomato,Reddit,Hyderabad,1074,216,2026-04-29 18:42:16
1004,Not sure if I should upgrade to the premium plan.,neutral,Uber,Reddit,Kolkata,609,939,2026-04-01 07:04:16
1080,Delivery partner just called to confirm my address.,neutral,Flipkart,Google Reviews,Jaipur,2634,187,2026-03-06 17:14:16
716,The refund promised 7 days ago has still not arrived.,negative,Jio,Play Store,Ahmedabad,503,92,2026-04-05 08:18:16
1178,My subscription renews next week. Checking plans.,neutral,Flipkart,Google Reviews,Hyderabad,3882,723,2026-04-18 14:28:16
1155,Saw the trailer. Might watch the new series this weekend.,neutral,Jio,Trustpilot,Kochi,1045,265,2026-04-30 15:42:16
210,"Ordered groceries on Swiggy Instamart, arrived in 8 minutes. Wow!",positive,Airtel,Facebook,Pune,2846,726,2026-04-23 19:40:16
304,Brilliant feature update. This is exactly what users needed. ...,positive,Swiggy,Instagram,Kolkata,3676,570,2026-02-19 20:48:16
611,Paid for express delivery and it took 5 days. Ridiculous! #happy,negative,HDFC Bank,Twitter,Mumbai,2912,660,2026-04-12 14:40:16
130,The packaging is eco-friendly AND beautiful. Good job brand!,positive,Swiggy,Trustpilot,Delhi,1153,772,2026-04-03 15:28:16
222,The new update is so smooth. Great work by the dev team!,positive,Uber,Play Store,Pune,3266,133,2026-03-15 20:39:16
1169,Read mixed reviews online. Deciding whether to buy. #disappointed,neutral,BookMyShow,Instagram,Kolkata,1014,935,2026-03-01 13:05:16
558,"Terrible UI, hard to navigate, laggy. Not worth using. #mustwatch",negative,Nykaa,App Store,Hyderabad,275,802,2026-02-14 20:41:16
832,My account got locked for no reason. Very frustrating!,negative,Jio,Twitter,Hyderabad,883,33,2026-02-06 20:37:16
142,"Ordered groceries on Swiggy Instamart, arrived in 8 minutes. Wow! #trending",positive,Netflix,Twitter,Pune,1949,602,2026-03-22 13:03:16
1331,Delivery partner just called to confirm my address. omg,neutral,Amazon,Facebook,Chennai,127,464,2026-04-27 06:56:16
324,Exceeded all expectations. Highly recommend to everyone!,positive,Airtel,Reddit,Kolkata,1511,190,2026-02-09 15:47:16
1260,Notification says my order is nearby. Fingers crossed.,neutral,MakeMyTrip,Google Reviews,Hyderabad,2851,214,2026-04-07 15:38:16
178,So easy to use. Even my grandmother figured it out in seconds.,positive,Uber,Facebook,Kolkata,4165,370,2026-04-30 01:55:16
569,Damaged product delivered. Photos clearly show the damage.,negative,Nykaa,Reddit,Ahmedabad,1635,240,2026-04-02 05:01:16
539,The food was cold and stale. Never ordering from here again. #happy,negative,Netflix,Instagram,Jaipur,321,912,2026-02-18 09:11:16
663,Worst experience ever. Filed a complaint but got no response. tbh,negative,BYJU's,Twitter,Chennai,3383,227,2026-02-06 06:26:16
399,Customer support was extremely helpful and resolved everything quickly.,positive,Zomato,Play Store,Kochi,4617,145,2026-02-19 06:21:16
715,Flipkart sent me a broken product. Absolute waste of money.,negative,Netflix,App Store,Kolkata,570,612,2026-04-18 15:22:16
117,Fast internet speeds all day. The telecom finally delivered.,positive,Meesho,Twitter,Kochi,560,240,2026-02-10 15:16:16
570,The battery drains so fast on this phone. Very disappointed. 🔥,negative,Meesho,Play Store,Bangalore,873,122,2026-04-21 15:32:16
1036,My subscription renews next week. Checking plans.,neutral,Netflix,Trustpilot,Hyderabad,2175,660,2026-04-23 01:17:16
386,Customer support was extremely helpful and resolved everything quickly.,positive,Zomato,App Store,Chennai,1424,31,2026-03-11 22:39:16
746,Overpriced for the quality you get. Not worth it at all.,negative,Flipkart,App Store,Chennai,1581,34,2026-04-28 18:09:16
345,Prompt refund processed in 2 days. That's what I call service!,positive,Ola,Play Store,Delhi,4378,407,2026-04-04 23:22:16
1204,Saw an ad for this product. Anyone tried it? #mustwatch,neutral,Jio,Facebook,Jaipur,1124,744,2026-04-30 18:08:16
852,Hidden charges appeared at checkout. Totally misleading pricing.,negative,Airtel,Trustpilot,Mumbai,269,181,2026-02-19 15:19:16
1319,Just signed up for the service. Will post a review later.,neutral,Netflix,Twitter,Ahmedabad,3505,342,2026-04-30 07:58:16
1188,The app asked me to rate my experience. Will do later.,neutral,Swiggy,Facebook,Jaipur,2809,308,2026-03-03 06:40:16
904,Data privacy is a concern. This app accesses too much. 👎,negative,BookMyShow,Play Store,Kolkata,1351,323,2026-03-01 08:39:16
464,Flipkart customer service resolved my issue in minutes. Impressed!,positive,Airtel,Reddit,Kochi,1636,796,2026-03-29 21:02:16
840,My account got locked for no reason. Very frustrating!,negative,Amazon,Twitter,Delhi,2687,505,2026-04-18 00:56:16
946,Damaged product delivered. Photos clearly show the damage.,negative,Netflix,Play Store,Pune,1128,125,2026-04-06 22:48:16
467,The new update is so smooth. Great work by the dev team!,positive,BYJU's,Facebook,Delhi,2096,659,2026-04-02 22:56:16
96,Discounts during the sale were amazing. Saved so much money! ...,positive,Nykaa,App Store,Bangalore,584,61,2026-04-11 03:36:16
279,Discounts during the sale were amazing. Saved so much money! 🔥,positive,Meesho,Play Store,Chennai,125,216,2026-04-07 14:07:16
1279,Read mixed reviews online. Deciding whether to buy.,neutral,Jio,Facebook,Ahmedabad,625,215,2026-02-03 23:50:16
896,Platform is full of fake reviews. Very misleading. #mustwatch,negative,Flipkart,Google Reviews,Bangalore,3346,811,2026-04-14 12:56:16
637,No one from support has called back in 3 days. Pathetic. #disappointed,negative,Uber,Reddit,Bangalore,413,689,2026-03-12 22:26:16
753,Swiggy cancelled my order with no reason and no refund!,negative,Zomato,Trustpilot,Bangalore,7,955,2026-04-27 15:50:16
358,So easy to use. Even my grandmother figured it out in seconds. #mustwatch,positive,Nykaa,App Store,Hyderabad,4241,621,2026-02-26 06:27:16
280,Prompt refund processed in 2 days. That's what I call service!,positive,Airtel,Reddit,Kochi,1675,406,2026-04-01 19:54:16
135,Flipkart customer service resolved my issue in minutes. Impressed! #disappointed,positive,Netflix,Google Reviews,Ahmedabad,3039,686,2026-02-01 19:48:16
233,Swiggy support gave me a refund instantly. Highly impressed.,positive,Netflix,Google Reviews,Kochi,2451,607,2026-03-19 20:21:16
719,Three cancellations in a row. Your service is unreliable.,negative,Nykaa,Play Store,Delhi,4773,8,2026-02-12 20:49:16
232,Exceeded all expectations. Highly recommend to everyone!,positive,BookMyShow,Trustpilot,Bangalore,4966,914,2026-02-26 08:54:16
733,Zomato driver was rude and delivered the wrong order.,negative,MakeMyTrip,App Store,Mumbai,3876,592,2026-04-10 19:11:16
1086,Zomato has added new restaurants to my area.,neutral,Nykaa,App Store,Kochi,4400,156,2026-02-20 14:03:16
177,This app makes my life so much easier. Love the UI design. #avoid,positive,Swiggy,App Store,Jaipur,3085,658,2026-03-21 08:32:16
1239,Saw the trailer. Might watch the new series this weekend.,neutral,Nykaa,Play Store,Ahmedabad,1074,347,2026-03-26 01:35:16
247,Flipkart customer service resolved my issue in minutes. Impressed!,positive,Netflix,Twitter,Jaipur,1293,416,2026-02-07 21:44:16
1194,Not sure if I should upgrade to the premium plan.,neutral,Nykaa,Trustpilot,Jaipur,4301,265,2026-03-25 05:56:16
699,Food arrived without utensils. How do you expect me to eat?,negative,Swiggy,Play Store,Ahmedabad,377,105,2026-02-24 15:27:16
562,The refund promised 7 days ago has still not arrived.,negative,Airtel,Google Reviews,Kochi,38,267,2026-04-09 23:42:16
933,Paid for express delivery and it took 5 days. Ridiculous!,negative,MakeMyTrip,App Store,Mumbai,3993,409,2026-02-28 20:37:16
1489,My order status shows 'out for delivery'. Let's see.,neutral,Uber,Facebook,Kochi,3792,90,2026-04-18 11:03:16
122,The movie was fantastic. Brilliant screenplay and acting.,positive,Ola,Twitter,Ahmedabad,2356,693,2026-02-22 08:10:16
375,Very happy with my purchase. Packaging was neat and delivery was early.,positive,Flipkart,Trustpilot,Pune,4847,995,2026-02-28 06:28:16
772,The refund promised 7 days ago has still not arrived.,negative,Ola,App Store,Pune,3430,4,2026-02-20 06:02:16
1378,Saw the trailer. Might watch the new series this weekend.,neutral,HDFC Bank,Play Store,Hyderabad,2810,447,2026-04-25 06:00:16
1160,The new Netflix show premiered today. Haven't watched yet. 👎,neutral,BookMyShow,Trustpilot,Mumbai,3473,693,2026-02-25 14:06:16
768,Swiggy cancelled my order with no reason and no refund! tbh,negative,Netflix,Play Store,Jaipur,1351,449,2026-03-31 19:12:16
1466,My order status shows 'out for delivery'. Let's see.,neutral,Zomato,Trustpilot,Kochi,1281,68,2026-03-18 16:39:16
198,Amazon Prime delivery was super fast. Product quality is excellent. 🔥,positive,Nykaa,Twitter,Pune,2540,527,2026-03-12 19:44:16
382,Prompt refund processed in 2 days. That's what I call service!,positive,Airtel,App Store,Hyderabad,611,966,2026-04-07 08:25:16
836,The battery drains so fast on this phone. Very disappointed.,negative,Swiggy,Facebook,Kochi,114,541,2026-04-04 15:02:16
564,The food quality has gone downhill. Not what it used to be.,negative,MakeMyTrip,App Store,Ahmedabad,3089,576,2026-03-02 05:26:16
942,Flipkart sent me a broken product. Absolute waste of money.,negative,Airtel,App Store,Pune,2910,787,2026-04-26 19:57:16
1058,Notification says my order is nearby. Fingers crossed. lol,neutral,Swiggy,Facebook,Jaipur,2670,419,2026-03-06 07:58:16
523,Zomato driver was rude and delivered the wrong order.,negative,Netflix,Play Store,Pune,3508,172,2026-05-02 02:59:16
1042,Downloaded the app. Setting up my profile right now.,neutral,BYJU's,Facebook,Pune,1538,439,2026-02-02 00:01:16
137,So easy to use. Even my grandmother figured it out in seconds.,positive,Airtel,Trustpilot,Hyderabad,2971,101,2026-02-04 01:40:16
999,The refund promised 7 days ago has still not arrived.,negative,Swiggy,Instagram,Delhi,1043,265,2026-02-19 05:18:16
983,Subscription auto-renewed without my consent. Scam! #trending,negative,Jio,Reddit,Mumbai,2204,567,2026-02-15 16:08:16
626,Subscription auto-renewed without my consent. Scam!,negative,Netflix,Instagram,Jaipur,3289,516,2026-03-19 16:04:16
927,Overpriced for the quality you get. Not worth it at all.,negative,MakeMyTrip,Trustpilot,Chennai,2955,707,2026-02-04 14:31:16
237,My go-to shopping app. Never disappointed me once.,positive,Zomato,Facebook,Hyderabad,155,451,2026-03-23 00:05:16
169,Great experience from start to finish. Will definitely buy again. omg,positive,Ola,App Store,Chennai,4844,57,2026-03-17 21:10:16
1334,The app just got an update. Downloading it now.,neutral,Flipkart,Google Reviews,Kochi,661,297,2026-04-04 11:44:16
592,The food quality has gone downhill. Not what it used to be.,negative,BookMyShow,Trustpilot,Bangalore,4417,181,2026-02-15 17:45:16
129,Discounts during the sale were amazing. Saved so much money!,positive,HDFC Bank,App Store,Bangalore,2105,935,2026-03-02 03:27:16
631,The battery drains so fast on this phone. Very disappointed. lol,negative,Zomato,App Store,Jaipur,4188,569,2026-02-17 19:05:16
1130,Checked the website. The product is still in stock.,neutral,Airtel,Instagram,Kochi,1126,452,2026-02-01 21:56:16
54,Exceeded all expectations. Highly recommend to everyone!,positive,Airtel,Reddit,Jaipur,3876,812,2026-04-10 16:09:16
344,So easy to use. Even my grandmother figured it out in seconds.,positive,HDFC Bank,Trustpilot,Ahmedabad,2681,595,2026-05-01 14:09:16
1056,My order status shows 'out for delivery'. Let's see.,neutral,Ola,Instagram,Kochi,782,402,2026-02-02 11:59:16
1243,Zomato has added new restaurants to my area. lol,neutral,HDFC Bank,Facebook,Delhi,1467,727,2026-03-05 04:44:16
1052,Customer support asked for more details about my issue.,neutral,Amazon,Reddit,Jaipur,3759,282,2026-04-07 13:05:16
43,Customer support was extremely helpful and resolved everything quickly.,positive,Nykaa,Google Reviews,Kochi,1266,947,2026-04-02 07:23:16
994,Flipkart sent me a broken product. Absolute waste of money.,negative,Meesho,Google Reviews,Kochi,2932,396,2026-04-09 15:14:16
701,Hidden charges appeared at checkout. Totally misleading pricing.,negative,Ola,Facebook,Chennai,1223,161,2026-03-28 10:14:16
1063,Delivery partner just called to confirm my address.,neutral,Ola,App Store,Bangalore,3609,366,2026-04-10 06:29:16
1030,Considering switching plans. Need to compare options first. omg,neutral,BYJU's,Facebook,Bangalore,4166,397,2026-02-08 20:51:16
113,Prompt refund processed in 2 days. That's what I call service!,positive,Nykaa,Google Reviews,Kolkata,1246,507,2026-04-28 08:42:16
65,Just received my order — looks exactly like the photos. Very satisfied!,positive,BYJU's,Twitter,Kochi,3116,488,2026-05-02 01:55:16
1220,Just received my order. Will update once I try the product.,neutral,Airtel,Instagram,Delhi,488,933,2026-03-19 01:20:16
293,"Best banking app ever. Zero crashes, super fast transactions.",positive,Flipkart,App Store,Delhi,259,95,2026-03-12 00:50:16
1353,Tracking shows my parcel is in Bangalore warehouse. #mustwatch,neutral,Nykaa,Trustpilot,Mumbai,2905,985,2026-04-14 22:18:16
976,Worst experience ever. Filed a complaint but got no response. #avoid,negative,Meesho,Trustpilot,Delhi,4370,621,2026-03-22 00:37:16
962,Data privacy is a concern. This app accesses too much. 🔥,negative,Airtel,Facebook,Pune,4311,412,2026-02-15 19:41:16
402,"Ordered groceries on Swiggy Instamart, arrived in 8 minutes. Wow!",positive,Meesho,Play Store,Mumbai,179,151,2026-02-15 14:16:16
1045,Waiting for the sale to start to make my purchase.,neutral,Uber,App Store,Pune,4808,23,2026-02-19 11:15:16
750,My account got locked for no reason. Very frustrating! tbh,negative,HDFC Bank,Twitter,Chennai,2168,182,2026-03-07 10:43:16
509,Data privacy is a concern. This app accesses too much.,negative,HDFC Bank,Facebook,Delhi,1371,994,2026-02-22 20:14:16
788,Waited 2 hours for my order and it still hasn't arrived. Terrible!,negative,Amazon,Instagram,Ahmedabad,4672,765,2026-02-17 12:45:16
434,Loving every episode. This is award-winning content for sure. 👎,positive,Uber,Google Reviews,Bangalore,4294,900,2026-02-19 13:03:16
1009,The app just got an update. Downloading it now. omg,neutral,Zomato,App Store,Kochi,3537,67,2026-04-18 16:11:16
974,Constant outages. Your service reliability is a joke. #disappointed,negative,Swiggy,Reddit,Kochi,4438,590,2026-04-25 18:41:16
594,The battery drains so fast on this phone. Very disappointed.,negative,Airtel,App Store,Pune,3376,266,2026-04-13 04:14:16
362,Amazon Prime delivery was super fast. Product quality is excellent. #trending,positive,BYJU's,Google Reviews,Jaipur,2346,643,2026-02-26 23:47:16
1308,Checked the website. The product is still in stock. lol,neutral,Jio,Trustpilot,Kochi,4206,207,2026-03-12 07:10:16
805,Swiggy cancelled my order with no reason and no refund!,negative,Flipkart,Twitter,Pune,2816,151,2026-03-15 22:40:16
766,Charged twice for a single order and no one is helping.,negative,Uber,Google Reviews,Pune,989,999,2026-02-03 18:40:16
1376,The new Netflix show premiered today. Haven't watched yet. 🔥,neutral,BookMyShow,Google Reviews,Mumbai,4526,493,2026-04-26 00:25:16
1282,Notification says my order is nearby. Fingers crossed. #disappointed,neutral,Uber,App Store,Delhi,1579,620,2026-04-28 20:13:16
226,The new season is brilliant. Netflix knows how to keep us hooked!,positive,Flipkart,Reddit,Kochi,2890,49,2026-04-26 03:43:16
275,The new update is so smooth. Great work by the dev team! ...,positive,BYJU's,Trustpilot,Hyderabad,1846,307,2026-02-01 08:23:16
905,Food arrived without utensils. How do you expect me to eat?,negative,Ola,Trustpilot,Mumbai,1547,152,2026-04-26 06:03:16
912,The food was cold and stale. Never ordering from here again.,negative,Airtel,Play Store,Kochi,1059,216,2026-04-25 16:56:16
244,Customer support was extremely helpful and resolved everything quickly.,positive,Ola,App Store,Ahmedabad,1752,206,2026-02-23 04:15:16
561,App UI is confusing and hard to use. Very poor design. !!!,negative,BookMyShow,App Store,Jaipur,4775,356,2026-03-19 05:00:16
515,Charged twice for a single order and no one is helping.,negative,MakeMyTrip,Facebook,Chennai,3585,390,2026-03-12 16:13:16
408,Prompt refund processed in 2 days. That's what I call service! lol,positive,HDFC Bank,Instagram,Delhi,2750,457,2026-05-01 05:01:16
493,Exceeded all expectations. Highly recommend to everyone!,positive,BYJU's,Play Store,Jaipur,3935,596,2026-02-17 15:29:16
770,Waited 2 hours for my order and it still hasn't arrived. Terrible! !!!,negative,Uber,App Store,Kolkata,3899,708,2026-04-16 07:05:16
179,"Ordered groceries on Swiggy Instamart, arrived in 8 minutes. Wow!",positive,HDFC Bank,Trustpilot,Hyderabad,1855,140,2026-04-13 10:56:16
8,Customer support was extremely helpful and resolved everything quickly. lol,positive,Flipkart,App Store,Delhi,4990,650,2026-04-10 19:28:16
1013,Not sure if I should upgrade to the premium plan.,neutral,Flipkart,Instagram,Jaipur,2099,363,2026-03-09 21:28:16
1245,Tracking shows my parcel is in Bangalore warehouse.,neutral,Meesho,Instagram,Ahmedabad,3004,524,2026-02-12 02:51:16
87,Very happy with my purchase. Packaging was neat and delivery was early. #disappointed,positive,Netflix,App Store,Mumbai,446,566,2026-03-25 15:06:16
269,Swiggy support gave me a refund instantly. Highly impressed.,positive,BYJU's,Facebook,Mumbai,3434,629,2026-04-30 06:01:16
1451,My order status shows 'out for delivery'. Let's see. 👎,neutral,Ola,Trustpilot,Kolkata,2385,439,2026-04-21 05:48:16
636,Food arrived without utensils. How do you expect me to eat?,negative,Zomato,Google Reviews,Mumbai,2496,536,2026-04-27 02:40:16
540,Customer support is useless. They just give scripted replies. ...,negative,BookMyShow,Google Reviews,Kochi,4617,652,2026-04-29 13:28:16
277,The movie was fantastic. Brilliant screenplay and acting. #mustwatch,positive,Swiggy,Trustpilot,Pune,757,548,2026-04-08 11:57:16
1146,Downloaded the app. Setting up my profile right now. ...,neutral,MakeMyTrip,Reddit,Kochi,2941,284,2026-04-15 13:35:16
209,Brilliant feature update. This is exactly what users needed. omg,positive,Flipkart,App Store,Ahmedabad,1639,125,2026-04-15 10:46:16
74,Very happy with my purchase. Packaging was neat and delivery was early.,positive,Nykaa,Google Reviews,Kolkata,1624,77,2026-02-15 14:21:16
1258,The app just got an update. Downloading it now.,neutral,HDFC Bank,Facebook,Kolkata,2152,533,2026-05-01 22:21:16
18,Zomato delivered in 20 minutes. Food was piping hot. 5 stars! #happy,positive,Swiggy,Facebook,Ahmedabad,566,778,2026-02-23 09:06:16
422,The new season is brilliant. Netflix knows how to keep us hooked!,positive,BookMyShow,Trustpilot,Kochi,1930,487,2026-03-25 10:49:16
1106,Just signed up for the service. Will post a review later.,neutral,Nykaa,Play Store,Pune,1962,963,2026-03-16 15:49:16
1362,My order status shows 'out for delivery'. Let's see.,neutral,MakeMyTrip,Twitter,Bangalore,2630,110,2026-02-01 22:50:16
14,Discounts during the sale were amazing. Saved so much money!,positive,Zomato,Facebook,Jaipur,2185,787,2026-02-09 03:07:16
924,Subscription auto-renewed without my consent. Scam!,negative,Amazon,Play Store,Kochi,3727,775,2026-02-05 22:35:16
1485,Considering switching plans. Need to compare options first. #mustwatch,neutral,Meesho,Play Store,Bangalore,4807,739,2026-03-16 21:14:16
319,"Best banking app ever. Zero crashes, super fast transactions.",positive,BookMyShow,Reddit,Ahmedabad,3064,400,2026-03-03 15:37:16
1034,Zomato has added new restaurants to my area. !!!,neutral,Amazon,Trustpilot,Jaipur,2880,235,2026-02-17 11:45:16
192,Absolutely love this product! Best purchase I've made all year.,positive,MakeMyTrip,Reddit,Bangalore,2386,439,2026-05-01 17:52:16
321,My go-to shopping app. Never disappointed me once.,positive,Netflix,Play Store,Chennai,2810,466,2026-04-05 20:44:16
595,Waited 2 hours for my order and it still hasn't arrived. Terrible!,negative,BYJU's,Instagram,Pune,2349,480,2026-02-23 12:30:16
627,The food quality has gone downhill. Not what it used to be.,negative,Airtel,Play Store,Pune,4506,332,2026-03-15 23:26:16
105,Brilliant feature update. This is exactly what users needed. 👎,positive,BookMyShow,Instagram,Chennai,3589,901,2026-02-01 22:07:16
779,No one from support has called back in 3 days. Pathetic.,negative,Nykaa,Google Reviews,Bangalore,1770,950,2026-02-12 23:03:16
16,Flipkart customer service resolved my issue in minutes. Impressed!,positive,Amazon,Reddit,Bangalore,3063,780,2026-04-11 19:25:16
485,Fast internet speeds all day. The telecom finally delivered. ...,positive,Meesho,Google Reviews,Delhi,2083,625,2026-04-07 07:07:16
1398,Read mixed reviews online. Deciding whether to buy. #mustwatch,neutral,Netflix,Instagram,Kochi,406,238,2026-04-17 17:12:16
1480,The new Netflix show premiered today. Haven't watched yet.,neutral,Ola,Trustpilot,Kolkata,359,712,2026-02-01 04:57:16
93,The movie was fantastic. Brilliant screenplay and acting.,positive,Netflix,Reddit,Bangalore,4521,76,2026-04-12 12:48:16
343,The movie was fantastic. Brilliant screenplay and acting.,positive,Jio,Trustpilot,Delhi,762,412,2026-02-25 13:57:16
573,The battery drains so fast on this phone. Very disappointed.,negative,Netflix,Twitter,Jaipur,3466,489,2026-02-22 11:42:16
986,Three cancellations in a row. Your service is unreliable.,negative,Zomato,Twitter,Ahmedabad,2369,668,2026-04-11 13:11:16
1174,Saw an ad for this product. Anyone tried it?,neutral,Airtel,Instagram,Pune,3275,513,2026-03-14 09:07:16
1207,Ordered the product last night. Delivery expected in 3 days. #happy,neutral,Nykaa,Trustpilot,Bangalore,2518,339,2026-03-02 08:59:16
89,Exceeded all expectations. Highly recommend to everyone! #trending,positive,Amazon,Trustpilot,Delhi,535,410,2026-03-01 10:38:16
215,Fast internet speeds all day. The telecom finally delivered.,positive,BookMyShow,Instagram,Bangalore,3544,514,2026-04-25 09:41:16
81,Fast internet speeds all day. The telecom finally delivered.,positive,Nykaa,App Store,Jaipur,83,529,2026-04-08 10:59:16
475,Exceeded all expectations. Highly recommend to everyone! #mustwatch,positive,BookMyShow,Reddit,Pune,4252,535,2026-02-02 14:35:16
795,Subscription auto-renewed without my consent. Scam! !!!,negative,HDFC Bank,Play Store,Ahmedabad,3983,513,2026-02-24 09:44:16
1415,The new Netflix show premiered today. Haven't watched yet.,neutral,Zomato,Instagram,Delhi,1084,527,2026-02-24 00:17:16
973,Swiggy cancelled my order with no reason and no refund!,negative,Meesho,Instagram,Mumbai,4685,645,2026-02-01 03:39:16
565,Hidden charges appeared at checkout. Totally misleading pricing.,negative,Airtel,Trustpilot,Kochi,224,493,2026-04-18 05:10:16
507,The battery drains so fast on this phone. Very disappointed.,negative,MakeMyTrip,Reddit,Mumbai,2629,390,2026-04-18 00:58:16
473,"Smooth checkout, accurate tracking, on-time delivery. Perfect!",positive,Netflix,Google Reviews,Pune,236,883,2026-02-03 13:17:16
1453,Notification says my order is nearby. Fingers crossed.,neutral,Airtel,Reddit,Kochi,203,406,2026-04-02 22:51:16
306,Very happy with my purchase. Packaging was neat and delivery was early.,positive,BYJU's,Facebook,Jaipur,1988,585,2026-02-25 07:31:16
32,Netflix's new series is absolutely mind-blowing. Can't stop watching!,positive,Flipkart,Google Reviews,Delhi,4666,252,2026-02-16 18:12:16
553,No one from support has called back in 3 days. Pathetic.,negative,Uber,Google Reviews,Bangalore,975,765,2026-04-02 22:24:16
391,Prompt refund processed in 2 days. That's what I call service!,positive,Zomato,Google Reviews,Kolkata,1415,362,2026-04-05 07:57:16
241,Very happy with my purchase. Packaging was neat and delivery was early. 👎,positive,BYJU's,App Store,Hyderabad,4005,324,2026-03-02 01:39:16
356,Amazon Prime delivery was super fast. Product quality is excellent. !!!,positive,Netflix,Facebook,Kochi,3145,359,2026-03-09 02:24:16
1371,Notification says my order is nearby. Fingers crossed.,neutral,Swiggy,Trustpilot,Chennai,245,33,2026-03-19 23:58:16
80,Exceeded all expectations. Highly recommend to everyone! lol,positive,Netflix,Trustpilot,Hyderabad,2906,816,2026-03-30 02:57:16
1214,Read mixed reviews online. Deciding whether to buy.,neutral,Nykaa,App Store,Delhi,17,882,2026-04-12 17:05:16
847,Paid for express delivery and it took 5 days. Ridiculous!,negative,Netflix,Trustpilot,Delhi,1000,256,2026-02-28 22:00:16
5,This app makes my life so much easier. Love the UI design. lol,positive,MakeMyTrip,App Store,Mumbai,3763,549,2026-04-17 01:09:16
988,Platform is full of fake reviews. Very misleading.,negative,Zomato,Instagram,Jaipur,4612,71,2026-03-25 10:49:16
632,Flipkart sent me a broken product. Absolute waste of money. lol,negative,Netflix,Instagram,Chennai,3007,910,2026-02-17 06:00:16
128,Customer support was extremely helpful and resolved everything quickly.,positive,Swiggy,App Store,Pune,3403,179,2026-04-07 08:24:16
1288,Flipkart's sale starts tomorrow. Checking out the deals.,neutral,Jio,Reddit,Kochi,2891,382,2026-02-11 10:46:16
605,Worst experience ever. Filed a complaint but got no response.,negative,Amazon,Google Reviews,Mumbai,999,997,2026-04-01 00:25:16
166,The new season is brilliant. Netflix knows how to keep us hooked!,positive,BookMyShow,Reddit,Pune,2876,744,2026-02-09 08:59:16
982,Paid for express delivery and it took 5 days. Ridiculous!,negative,BookMyShow,Google Reviews,Delhi,2206,62,2026-03-22 22:39:16
374,The packaging is eco-friendly AND beautiful. Good job brand!,positive,Swiggy,Trustpilot,Mumbai,3022,205,2026-03-25 18:24:16
673,Netflix keeps buffering. Your streaming quality is horrible.,negative,Jio,Instagram,Kolkata,4508,389,2026-04-27 07:16:16
881,Constant outages. Your service reliability is a joke.,negative,MakeMyTrip,Twitter,Mumbai,1963,259,2026-02-21 00:55:16
242,Swiggy support gave me a refund instantly. Highly impressed.,positive,Uber,App Store,Chennai,998,587,2026-02-04 19:50:16
803,The refund promised 7 days ago has still not arrived.,negative,Uber,App Store,Bangalore,1436,859,2026-01-31 14:17:16
415,Discounts during the sale were amazing. Saved so much money!,positive,Uber,App Store,Chennai,2436,243,2026-04-20 11:49:16
682,Paid for express delivery and it took 5 days. Ridiculous! #avoid,negative,Meesho,App Store,Pune,4317,423,2026-02-24 06:30:16
1117,Delivery partner just called to confirm my address. #disappointed,neutral,Ola,Trustpilot,Delhi,2726,892,2026-04-03 18:25:16
44,Loving every episode. This is award-winning content for sure. tbh,positive,Zomato,Instagram,Pune,3372,821,2026-02-05 13:23:16
360,Love how the brand listens to customer feedback. Keep it up! #trending,positive,HDFC Bank,Play Store,Bangalore,3168,881,2026-02-18 23:51:16
118,Very happy with my purchase. Packaging was neat and delivery was early.,positive,Uber,Facebook,Kolkata,806,778,2026-02-09 14:19:16
916,Three cancellations in a row. Your service is unreliable.,negative,Ola,Instagram,Pune,787,852,2026-03-15 21:02:16
1072,Flipkart's sale starts tomorrow. Checking out the deals.,neutral,BYJU's,Instagram,Chennai,776,614,2026-03-21 16:30:16
900,Three cancellations in a row. Your service is unreliable.,negative,MakeMyTrip,Twitter,Mumbai,2077,516,2026-02-12 00:55:16
519,Data privacy is a concern. This app accesses too much.,negative,BookMyShow,Instagram,Bangalore,1507,226,2026-02-13 05:02:16
889,Platform is full of fake reviews. Very misleading.,negative,Netflix,Google Reviews,Pune,3698,489,2026-04-15 05:03:16
429,"Unboxing was a delight. Premium quality, fast delivery. Worth every rupee. 👎",positive,Jio,Instagram,Kochi,4986,697,2026-02-03 01:12:16
1285,The app asked me to rate my experience. Will do later.,neutral,Amazon,Trustpilot,Ahmedabad,3572,524,2026-03-12 06:58:16
1318,Read mixed reviews online. Deciding whether to buy.,neutral,Meesho,Reddit,Bangalore,2581,697,2026-04-24 08:03:16
1108,Downloaded the app. Setting up my profile right now.,neutral,Netflix,Twitter,Kochi,1006,889,2026-02-24 04:30:16
52,So easy to use. Even my grandmother figured it out in seconds. ...,positive,Flipkart,Google Reviews,Kolkata,1425,630,2026-02-19 03:49:16
440,Swiggy support gave me a refund instantly. Highly impressed. ...,positive,MakeMyTrip,Twitter,Hyderabad,2067,622,2026-03-23 14:29:16
501,Damaged product delivered. Photos clearly show the damage.,negative,Jio,Twitter,Kolkata,2286,569,2026-03-30 09:04:16
859,Three cancellations in a row. Your service is unreliable.,negative,Meesho,App Store,Delhi,2765,173,2026-04-29 19:54:16
557,Damaged product delivered. Photos clearly show the damage.,negative,Jio,App Store,Kochi,470,968,2026-04-09 16:43:16
934,Damaged product delivered. Photos clearly show the damage.,negative,Ola,Trustpilot,Hyderabad,497,540,2026-04-29 23:38:16
1396,The new Netflix show premiered today. Haven't watched yet.,neutral,Airtel,Reddit,Kolkata,479,593,2026-04-22 04:17:16
628,Constant outages. Your service reliability is a joke.,negative,Uber,Play Store,Kochi,1971,576,2026-02-22 06:50:16
612,Charged twice for a single order and no one is helping. omg,negative,Flipkart,Play Store,Jaipur,2845,824,2026-03-06 14:02:16
1212,The new Netflix show premiered today. Haven't watched yet.,neutral,Netflix,Google Reviews,Jaipur,2743,614,2026-04-08 15:47:16
261,"Ordered groceries on Swiggy Instamart, arrived in 8 minutes. Wow!",positive,BookMyShow,Trustpilot,Delhi,1682,734,2026-02-16 22:09:16
532,Swiggy cancelled my order with no reason and no refund!,negative,Zomato,Reddit,Jaipur,2959,397,2026-03-02 22:18:16
245,Discounts during the sale were amazing. Saved so much money!,positive,Netflix,Facebook,Kochi,4807,245,2026-04-01 11:32:16
1444,Ordered the product last night. Delivery expected in 3 days.,neutral,Flipkart,Instagram,Jaipur,3240,880,2026-04-03 03:23:16
1173,Considering switching plans. Need to compare options first.,neutral,Zomato,Instagram,Hyderabad,3926,982,2026-02-06 05:07:16
1082,Customer support asked for more details about my issue.,neutral,Meesho,Reddit,Hyderabad,4156,80,2026-03-08 13:45:16
1092,The new Netflix show premiered today. Haven't watched yet.,neutral,Nykaa,Google Reviews,Hyderabad,1985,489,2026-04-28 01:34:16
483,Brilliant feature update. This is exactly what users needed.,positive,Airtel,Play Store,Ahmedabad,934,99,2026-02-07 06:14:16
98,This app makes my life so much easier. Love the UI design.,positive,BookMyShow,Trustpilot,Ahmedabad,658,612,2026-04-26 23:27:16
842,Food arrived without utensils. How do you expect me to eat? omg,negative,Ola,Play Store,Bangalore,104,690,2026-02-28 16:08:16
1201,My order status shows 'out for delivery'. Let's see. #avoid,neutral,Jio,Play Store,Bangalore,3924,95,2026-02-28 07:45:16
937,Product doesn't match the description at all. Misleading. #mustwatch,negative,HDFC Bank,Trustpilot,Bangalore,2403,740,2026-03-13 23:21:16
850,Product doesn't match the description at all. Misleading.,negative,BYJU's,Trustpilot,Hyderabad,2404,677,2026-02-27 21:42:16
310,Just received my order — looks exactly like the photos. Very satisfied!,positive,Meesho,Instagram,Chennai,2626,617,2026-02-03 06:44:16
1409,The new menu options look interesting. Will try next time.,neutral,HDFC Bank,Reddit,Ahmedabad,2578,766,2026-04-17 14:59:16
1406,Considering switching plans. Need to compare options first. #mustwatch,neutral,Swiggy,Facebook,Hyderabad,4631,515,2026-02-17 16:39:16
810,The food was cold and stale. Never ordering from here again.,negative,Flipkart,Reddit,Chennai,1603,23,2026-04-21 19:20:16
108,The movie was fantastic. Brilliant screenplay and acting.,positive,Airtel,Trustpilot,Hyderabad,3741,564,2026-04-14 01:02:16
936,"Terrible UI, hard to navigate, laggy. Not worth using.",negative,Zomato,Instagram,Chennai,1574,480,2026-03-18 23:00:16
1264,Customer support asked for more details about my issue.,neutral,Jio,App Store,Kolkata,2320,718,2026-02-12 10:09:16
843,The new update ruined everything. Please roll it back.,negative,Ola,Facebook,Delhi,1174,404,2026-03-11 14:37:16
1008,My order status shows 'out for delivery'. Let's see.,neutral,Swiggy,Twitter,Mumbai,3091,320,2026-02-03 10:24:16
718,The refund promised 7 days ago has still not arrived.,negative,Flipkart,Reddit,Pune,2455,583,2026-02-05 03:16:16
1275,Just received my order. Will update once I try the product.,neutral,Netflix,Trustpilot,Pune,1528,245,2026-02-08 05:55:16
1253,The new Netflix show premiered today. Haven't watched yet. #trending,neutral,BYJU's,Google Reviews,Chennai,2064,650,2026-04-10 11:05:16
260,Customer support was extremely helpful and resolved everything quickly. #happy,positive,Swiggy,Twitter,Jaipur,4140,207,2026-02-17 20:05:16
677,Paid for express delivery and it took 5 days. Ridiculous! #happy,negative,Ola,Trustpilot,Ahmedabad,3359,452,2026-04-21 17:36:16
694,The refund promised 7 days ago has still not arrived. 👎,negative,Uber,Play Store,Mumbai,2224,423,2026-04-20 21:18:16
1077,The app just got an update. Downloading it now.,neutral,Ola,Twitter,Hyderabad,4899,968,2026-03-06 13:18:16
418,Very happy with my purchase. Packaging was neat and delivery was early.,positive,Airtel,Facebook,Chennai,3256,482,2026-02-28 15:58:16
1015,The cashback will reflect in 3-5 business days apparently.,neutral,BYJU's,Play Store,Chennai,4781,906,2026-02-22 09:05:16
791,Swiggy cancelled my order with no reason and no refund!,negative,MakeMyTrip,Reddit,Delhi,2750,753,2026-04-24 20:16:16
395,Swiggy support gave me a refund instantly. Highly impressed.,positive,HDFC Bank,Google Reviews,Chennai,1473,26,2026-03-22 18:00:16
955,Zomato driver was rude and delivered the wrong order. #disappointed,negative,BookMyShow,App Store,Jaipur,2791,775,2026-02-10 08:13:16
886,Customer support is useless. They just give scripted replies.,negative,BookMyShow,Facebook,Pune,3447,616,2026-02-20 13:54:16
1213,The app just got an update. Downloading it now.,neutral,Ola,App Store,Kochi,2351,356,2026-04-19 04:16:16
225,Exceeded all expectations. Highly recommend to everyone! ...,positive,Airtel,Trustpilot,Ahmedabad,2527,509,2026-04-30 10:49:16
546,Platform is full of fake reviews. Very misleading. #mustwatch,negative,Ola,Google Reviews,Jaipur,3446,379,2026-04-26 14:41:16
1196,The app just got an update. Downloading it now.,neutral,Amazon,Instagram,Chennai,422,657,2026-04-01 06:40:16
1217,Saw an ad for this product. Anyone tried it?,neutral,Ola,Play Store,Bangalore,2014,392,2026-03-09 19:43:16
107,Netflix's new series is absolutely mind-blowing. Can't stop watching! !!!,positive,Airtel,Facebook,Bangalore,4082,955,2026-03-25 20:29:16
648,Swiggy cancelled my order with no reason and no refund! 👎,negative,Flipkart,App Store,Mumbai,3808,670,2026-05-01 10:50:16
549,Worst experience ever. Filed a complaint but got no response. #avoid,negative,BYJU's,Twitter,Kochi,4280,120,2026-02-25 12:50:16
1229,Ordered the product last night. Delivery expected in 3 days.,neutral,Zomato,Reddit,Kolkata,1504,842,2026-02-19 17:21:16
445,The packaging is eco-friendly AND beautiful. Good job brand!,positive,MakeMyTrip,Google Reviews,Pune,1146,738,2026-04-28 16:43:16
1067,Just received my order. Will update once I try the product.,neutral,Zomato,Play Store,Hyderabad,517,225,2026-04-19 16:04:16
534,No one from support has called back in 3 days. Pathetic. #mustwatch,negative,Jio,Play Store,Kochi,637,529,2026-03-31 00:16:16
1134,Waiting for the sale to start to make my purchase. !!!,neutral,Flipkart,Google Reviews,Ahmedabad,2479,704,2026-02-15 07:33:16
127,Amazon Prime delivery was super fast. Product quality is excellent.,positive,Ola,Instagram,Delhi,322,316,2026-03-07 11:37:16
672,Three cancellations in a row. Your service is unreliable.,negative,Netflix,Facebook,Delhi,935,723,2026-03-05 16:51:16
141,The new update is so smooth. Great work by the dev team!,positive,MakeMyTrip,Twitter,Chennai,1185,133,2026-02-22 04:23:16
28,Brilliant feature update. This is exactly what users needed.,positive,Netflix,Google Reviews,Ahmedabad,3943,218,2026-03-12 12:04:16
597,The battery drains so fast on this phone. Very disappointed.,negative,BookMyShow,Play Store,Hyderabad,3372,903,2026-02-19 23:49:16
223,Flipkart customer service resolved my issue in minutes. Impressed!,positive,Airtel,Facebook,Chennai,3683,253,2026-04-14 10:11:16
1244,My subscription renews next week. Checking plans.,neutral,Airtel,Instagram,Delhi,4659,499,2026-04-27 01:20:16
792,Overpriced for the quality you get. Not worth it at all.,negative,Zomato,Facebook,Kolkata,2994,476,2026-02-12 11:51:16
435,Amazon Prime delivery was super fast. Product quality is excellent.,positive,Flipkart,Twitter,Hyderabad,270,467,2026-04-26 01:29:16
977,The food was cold and stale. Never ordering from here again.,negative,Nykaa,Twitter,Pune,3580,184,2026-03-10 12:19:16
1198,Considering switching plans. Need to compare options first. #happy,neutral,Amazon,Play Store,Mumbai,85,843,2026-03-18 05:28:16
207,Great experience from start to finish. Will definitely buy again.,positive,MakeMyTrip,Instagram,Jaipur,3006,407,2026-03-22 16:57:16
688,Product doesn't match the description at all. Misleading.,negative,BYJU's,Twitter,Delhi,2730,349,2026-03-12 13:38:16
236,"Best banking app ever. Zero crashes, super fast transactions.",positive,MakeMyTrip,Trustpilot,Bangalore,4294,644,2026-02-12 01:05:16
1124,Considering switching plans. Need to compare options first.,neutral,BYJU's,Twitter,Kochi,2622,316,2026-02-26 15:07:16
629,My account got locked for no reason. Very frustrating!,negative,Uber,App Store,Pune,3706,458,2026-03-13 12:28:16
71,Prompt refund processed in 2 days. That's what I call service!,positive,HDFC Bank,Reddit,Delhi,329,772,2026-04-29 06:02:16
357,The new update is so smooth. Great work by the dev team! #mustwatch,positive,Swiggy,Reddit,Jaipur,4923,614,2026-02-14 03:25:16
1205,Waiting for the sale to start to make my purchase.,neutral,Swiggy,Twitter,Mumbai,1082,254,2026-04-22 05:05:16
41,The new update is so smooth. Great work by the dev team!,positive,Meesho,Play Store,Kochi,4526,151,2026-03-08 09:12:16
998,Food arrived without utensils. How do you expect me to eat? #disappointed,negative,Airtel,Instagram,Jaipur,1587,675,2026-02-18 15:31:16
1095,Checked the website. The product is still in stock.,neutral,Uber,Facebook,Jaipur,1546,897,2026-03-09 07:21:16
1464,My order status shows 'out for delivery'. Let's see. lol,neutral,Nykaa,Instagram,Bangalore,4295,732,2026-03-03 12:54:16
1307,Not sure if I should upgrade to the premium plan.,neutral,BookMyShow,Play Store,Chennai,3719,671,2026-04-12 21:08:16
918,Subscription auto-renewed without my consent. Scam!,negative,MakeMyTrip,Instagram,Kolkata,3489,95,2026-04-26 20:53:16
960,Overpriced for the quality you get. Not worth it at all. tbh,negative,BookMyShow,Reddit,Delhi,2685,528,2026-02-17 06:22:16
1277,Just received my order. Will update once I try the product.,neutral,MakeMyTrip,Facebook,Delhi,3761,949,2026-02-15 10:08:16
1263,Got an OTP for my account. All seems normal.,neutral,Nykaa,Instagram,Ahmedabad,3509,382,2026-04-09 19:36:16
1119,Saw an ad for this product. Anyone tried it?,neutral,Flipkart,App Store,Delhi,2383,89,2026-04-18 10:53:16
206,Customer support was extremely helpful and resolved everything quickly.,positive,MakeMyTrip,Twitter,Kochi,1256,695,2026-03-06 01:51:16
469,Prompt refund processed in 2 days. That's what I call service! #trending,positive,Zomato,Instagram,Bangalore,2692,366,2026-03-06 17:57:16
635,My account got locked for no reason. Very frustrating! lol,negative,HDFC Bank,Google Reviews,Kolkata,987,890,2026-04-02 13:33:16
1037,Zomato has added new restaurants to my area. #disappointed,neutral,BookMyShow,Facebook,Chennai,1865,100,2026-04-17 10:51:16
1300,The new feature is available. Yet to explore it fully. #trending,neutral,Netflix,Facebook,Pune,3569,231,2026-04-11 11:02:16
1374,Saw the trailer. Might watch the new series this weekend.,neutral,Nykaa,Trustpilot,Bangalore,2216,740,2026-04-27 10:12:16
656,"Terrible UI, hard to navigate, laggy. Not worth using.",negative,Flipkart,Instagram,Kochi,4434,700,2026-04-07 08:55:16
1088,Just signed up for the service. Will post a review later. omg,neutral,Flipkart,Instagram,Hyderabad,34,13,2026-02-26 13:28:16
920,Zomato driver was rude and delivered the wrong order.,negative,Swiggy,Trustpilot,Chennai,1217,130,2026-02-04 03:21:16
9,"Best banking app ever. Zero crashes, super fast transactions. tbh",positive,Amazon,Reddit,Pune,458,234,2026-04-28 02:49:16
1395,Delivery partner just called to confirm my address.,neutral,Amazon,Instagram,Ahmedabad,3790,17,2026-03-07 12:45:16
1256,Notification says my order is nearby. Fingers crossed.,neutral,Netflix,Google Reviews,Pune,4672,398,2026-04-30 19:24:16
1235,The restaurant I usually order from is closed today.,neutral,Jio,Reddit,Pune,3200,743,2026-03-18 08:30:16
1317,Ordered the product last night. Delivery expected in 3 days.,neutral,Amazon,App Store,Mumbai,772,189,2026-02-26 14:35:16
412,Exceeded all expectations. Highly recommend to everyone! !!!,positive,Swiggy,Play Store,Bangalore,3075,164,2026-04-22 19:17:16
22,"Best banking app ever. Zero crashes, super fast transactions.",positive,Zomato,Facebook,Mumbai,1875,69,2026-04-28 03:10:16
1093,The app asked me to rate my experience. Will do later.,neutral,Uber,Instagram,Chennai,4959,466,2026-02-04 08:58:16
541,Overpriced for the quality you get. Not worth it at all.,negative,Swiggy,Reddit,Ahmedabad,4968,482,2026-03-02 08:00:16
465,Customer support was extremely helpful and resolved everything quickly.,positive,Amazon,Instagram,Mumbai,4490,508,2026-04-05 14:15:16
348,Swiggy support gave me a refund instantly. Highly impressed.,positive,Airtel,Trustpilot,Mumbai,3504,207,2026-02-03 08:18:16
1154,The email confirmation came through. Waiting now. lol,neutral,BYJU's,Google Reviews,Bangalore,2827,825,2026-02-04 19:39:16
725,Subscription auto-renewed without my consent. Scam!,negative,Nykaa,Google Reviews,Kochi,1472,465,2026-02-25 23:39:16
1012,Just received my order. Will update once I try the product.,neutral,HDFC Bank,Reddit,Delhi,841,12,2026-02-14 15:10:16
639,Hidden charges appeared at checkout. Totally misleading pricing. #happy,negative,Uber,Twitter,Jaipur,3270,268,2026-04-22 00:42:16
463,The product quality has improved drastically. Really happy!,positive,MakeMyTrip,Instagram,Kolkata,859,523,2026-02-12 09:56:16
477,The new update is so smooth. Great work by the dev team!,positive,BookMyShow,Twitter,Mumbai,1285,517,2026-03-02 21:19:16
1103,Just received my order. Will update once I try the product.,neutral,Airtel,Trustpilot,Delhi,77,62,2026-03-29 12:32:16
442,The new season is brilliant. Netflix knows how to keep us hooked!,positive,Jio,Facebook,Mumbai,4190,678,2026-03-15 19:33:16
827,Paid for express delivery and it took 5 days. Ridiculous!,negative,Nykaa,Instagram,Delhi,1784,158,2026-02-27 05:21:16
196,Brilliant feature update. This is exactly what users needed.,positive,BYJU's,Play Store,Bangalore,363,360,2026-02-22 02:22:16
815,The app crashes every time I open it. Fix your bugs! omg,negative,Meesho,Play Store,Delhi,4838,774,2026-03-15 11:14:16
90,Finally a food delivery app that gets it right. Bravo Zomato!,positive,Netflix,Instagram,Kochi,2489,87,2026-04-01 09:39:16
526,The refund promised 7 days ago has still not arrived. 👎,negative,Meesho,Instagram,Jaipur,1609,269,2026-02-11 10:28:16
987,Three cancellations in a row. Your service is unreliable.,negative,Amazon,App Store,Kolkata,2878,862,2026-02-11 06:37:16
1100,Ordered the product last night. Delivery expected in 3 days.,neutral,BookMyShow,Facebook,Ahmedabad,4645,833,2026-04-05 08:02:16
116,So easy to use. Even my grandmother figured it out in seconds.,positive,Swiggy,Play Store,Jaipur,3113,977,2026-03-22 16:29:16
1333,Just received my order. Will update once I try the product. ...,neutral,HDFC Bank,App Store,Jaipur,4593,158,2026-04-20 14:57:16
95,The packaging is eco-friendly AND beautiful. Good job brand!,positive,Ola,Reddit,Chennai,4831,677,2026-04-07 00:07:16
579,Food arrived without utensils. How do you expect me to eat?,negative,Netflix,Instagram,Ahmedabad,79,180,2026-03-09 22:06:16
78,Love how the brand listens to customer feedback. Keep it up!,positive,BookMyShow,Trustpilot,Ahmedabad,3568,845,2026-02-16 04:54:16
1273,Flipkart's sale starts tomorrow. Checking out the deals.,neutral,BYJU's,Google Reviews,Chennai,4529,162,2026-03-22 07:09:16
1005,Just signed up for the service. Will post a review later.,neutral,Ola,Facebook,Mumbai,3931,442,2026-04-28 18:23:16
1462,Flipkart's sale starts tomorrow. Checking out the deals.,neutral,Amazon,App Store,Jaipur,2640,629,2026-03-15 18:33:16
1021,Ordered the product last night. Delivery expected in 3 days. #avoid,neutral,BYJU's,Play Store,Kolkata,1681,409,2026-04-09 12:51:16
848,Constant outages. Your service reliability is a joke.,negative,Zomato,Facebook,Mumbai,558,510,2026-02-05 13:03:16
1367,The restaurant I usually order from is closed today.,neutral,BookMyShow,Instagram,Delhi,3595,437,2026-02-11 00:19:16
1303,Flipkart's sale starts tomorrow. Checking out the deals. ...,neutral,BYJU's,Google Reviews,Ahmedabad,1002,534,2026-02-24 05:38:16
33,Love how the brand listens to customer feedback. Keep it up! #mustwatch,positive,MakeMyTrip,Play Store,Chennai,1673,685,2026-03-23 05:58:16
1147,Saw an ad for this product. Anyone tried it? 👎,neutral,Amazon,Google Reviews,Bangalore,3277,467,2026-04-22 04:31:16
1416,Saw an ad for this product. Anyone tried it?,neutral,Jio,Reddit,Chennai,975,344,2026-03-19 18:36:16
17,Swiggy support gave me a refund instantly. Highly impressed.,positive,Zomato,Play Store,Ahmedabad,159,114,2026-03-17 03:59:16
684,The refund promised 7 days ago has still not arrived.,negative,Amazon,Play Store,Bangalore,4609,508,2026-02-24 13:34:16
525,Data privacy is a concern. This app accesses too much.,negative,Airtel,Play Store,Chennai,3989,564,2026-04-19 07:33:16
62,Brilliant feature update. This is exactly what users needed.,positive,Ola,Reddit,Chennai,3603,79,2026-03-27 05:57:16
1227,Got an OTP for my account. All seems normal. ...,neutral,Zomato,Google Reviews,Kolkata,3721,567,2026-03-29 18:42:16
50,Just received my order — looks exactly like the photos. Very satisfied! #disappointed,positive,Ola,Reddit,Pune,3533,71,2026-02-06 02:35:16
1203,Just received my order. Will update once I try the product.,neutral,Nykaa,Instagram,Kolkata,4979,192,2026-04-24 09:10:16
728,No one from support has called back in 3 days. Pathetic.,negative,HDFC Bank,Facebook,Kochi,3944,984,2026-02-03 11:05:16
890,Overpriced for the quality you get. Not worth it at all.,negative,HDFC Bank,App Store,Hyderabad,691,424,2026-03-16 07:49:16
421,Flipkart customer service resolved my issue in minutes. Impressed! lol,positive,BYJU's,Google Reviews,Kochi,1863,566,2026-04-25 00:22:16
910,Data privacy is a concern. This app accesses too much.,negative,Amazon,Facebook,Kolkata,3060,604,2026-04-19 03:05:16
1240,Saw the movie listing. Might go this weekend.,neutral,Zomato,Google Reviews,Hyderabad,1710,625,2026-02-14 11:05:16
1455,Notification says my order is nearby. Fingers crossed. omg,neutral,MakeMyTrip,Reddit,Delhi,1157,412,2026-02-12 21:41:16
262,Fast internet speeds all day. The telecom finally delivered.,positive,BYJU's,Twitter,Ahmedabad,1080,525,2026-03-09 22:38:16
957,Damaged product delivered. Photos clearly show the damage. lol,negative,Amazon,Play Store,Delhi,391,774,2026-02-08 09:46:16
204,The movie was fantastic. Brilliant screenplay and acting.,positive,BYJU's,Twitter,Delhi,3327,372,2026-02-25 13:31:16
1176,Delivery partner just called to confirm my address.,neutral,Jio,Twitter,Kolkata,3933,296,2026-03-26 22:09:16
371,Zomato delivered in 20 minutes. Food was piping hot. 5 stars!,positive,Jio,Instagram,Bangalore,289,566,2026-02-08 00:00:16
1492,Tracking shows my parcel is in Bangalore warehouse. ...,neutral,MakeMyTrip,Play Store,Kolkata,1851,855,2026-04-08 04:18:16
1107,Waiting for the sale to start to make my purchase.,neutral,HDFC Bank,Play Store,Delhi,25,467,2026-02-02 00:28:16
1488,The price dropped slightly from last week.,neutral,Meesho,Twitter,Chennai,2242,574,2026-03-19 09:53:16
329,Very happy with my purchase. Packaging was neat and delivery was early.,positive,MakeMyTrip,Facebook,Bangalore,2565,120,2026-04-02 04:07:16
189,My go-to shopping app. Never disappointed me once. #avoid,positive,Airtel,Trustpilot,Kochi,43,927,2026-04-22 12:58:16
220,"Unboxing was a delight. Premium quality, fast delivery. Worth every rupee.",positive,BookMyShow,App Store,Chennai,3956,250,2026-02-04 00:55:16
457,The new season is brilliant. Netflix knows how to keep us hooked!,positive,Netflix,Facebook,Mumbai,2442,971,2026-03-25 22:28:16
370,Customer support was extremely helpful and resolved everything quickly. !!!,positive,Nykaa,Facebook,Hyderabad,4168,2,2026-04-27 12:59:16
1388,Waiting for the sale to start to make my purchase.,neutral,Zomato,Reddit,Hyderabad,3107,188,2026-02-06 23:40:16
70,Great experience from start to finish. Will definitely buy again.,positive,BYJU's,Google Reviews,Chennai,3453,258,2026-04-21 22:13:16
693,Swiggy cancelled my order with no reason and no refund!,negative,HDFC Bank,Google Reviews,Jaipur,1359,584,2026-02-14 01:03:16
23,The new season is brilliant. Netflix knows how to keep us hooked! #mustwatch,positive,Airtel,Reddit,Jaipur,1083,740,2026-02-17 18:44:16
991,Worst experience ever. Filed a complaint but got no response.,negative,MakeMyTrip,Play Store,Mumbai,1095,661,2026-05-01 17:44:16
741,Paid for express delivery and it took 5 days. Ridiculous! #disappointed,negative,Meesho,Google Reviews,Mumbai,2365,949,2026-03-06 00:31:16
571,Paid for express delivery and it took 5 days. Ridiculous!,negative,BYJU's,Twitter,Ahmedabad,3040,635,2026-03-22 21:17:16
1017,The app just got an update. Downloading it now. #disappointed,neutral,Meesho,Twitter,Kolkata,2816,200,2026-04-06 16:16:16
560,Swiggy cancelled my order with no reason and no refund!,negative,HDFC Bank,Google Reviews,Kolkata,4801,205,2026-02-25 12:27:16
1122,The new menu options look interesting. Will try next time. #mustwatch,neutral,MakeMyTrip,Reddit,Delhi,3238,9,2026-02-22 22:54:16
1478,Checked the website. The product is still in stock.,neutral,Jio,Play Store,Bangalore,87,200,2026-03-07 01:41:16
252,The movie was fantastic. Brilliant screenplay and acting. !!!,positive,HDFC Bank,Instagram,Ahmedabad,2107,735,2026-04-09 12:27:16
1057,The email confirmation came through. Waiting now.,neutral,Amazon,App Store,Delhi,1779,930,2026-02-27 23:26:16
1386,The price dropped slightly from last week.,neutral,Swiggy,Twitter,Ahmedabad,276,276,2026-03-27 18:50:16
576,Swiggy cancelled my order with no reason and no refund! 👎,negative,Flipkart,App Store,Ahmedabad,2810,374,2026-04-08 21:47:16
1026,The new feature is available. Yet to explore it fully.,neutral,HDFC Bank,Instagram,Jaipur,3553,899,2026-04-24 10:05:16
588,Subscription auto-renewed without my consent. Scam! #trending,negative,Netflix,Reddit,Chennai,655,215,2026-04-11 01:08:16
782,Hidden charges appeared at checkout. Totally misleading pricing. 👎,negative,MakeMyTrip,Instagram,Kochi,1392,591,2026-02-21 06:09:16
897,Swiggy cancelled my order with no reason and no refund! omg,negative,Nykaa,Reddit,Pune,4775,700,2026-02-08 23:09:16
155,The product quality has improved drastically. Really happy!,positive,Netflix,Twitter,Delhi,4345,220,2026-03-14 23:45:16
156,Exceeded all expectations. Highly recommend to everyone! 👎,positive,Uber,Play Store,Kochi,4884,86,2026-04-26 09:04:16
1076,Considering switching plans. Need to compare options first.,neutral,Flipkart,Facebook,Mumbai,1126,383,2026-02-28 04:02:16
333,This app makes my life so much easier. Love the UI design.,positive,BookMyShow,Trustpilot,Kolkata,4028,425,2026-01-31 22:43:16
76,Discounts during the sale were amazing. Saved so much money!,positive,HDFC Bank,Facebook,Jaipur,2795,12,2026-03-09 22:08:16
138,Fast internet speeds all day. The telecom finally delivered.,positive,HDFC Bank,Twitter,Kolkata,2260,194,2026-04-16 23:09:16
713,Hidden charges appeared at checkout. Totally misleading pricing. #avoid,negative,MakeMyTrip,Google Reviews,Kolkata,4646,806,2026-03-19 19:30:16
114,"Smooth checkout, accurate tracking, on-time delivery. Perfect!",positive,Swiggy,Trustpilot,Delhi,4308,932,2026-03-05 12:28:16
292,The new season is brilliant. Netflix knows how to keep us hooked! lol,positive,Amazon,Google Reviews,Delhi,3056,982,2026-03-11 22:38:16
449,Exceeded all expectations. Highly recommend to everyone!,positive,Flipkart,Play Store,Hyderabad,2515,430,2026-03-21 01:58:16
1448,Waiting for the sale to start to make my purchase. #avoid,neutral,Nykaa,App Store,Delhi,626,75,2026-02-26 13:29:16
877,Data privacy is a concern. This app accesses too much. #happy,negative,Swiggy,Play Store,Pune,4786,754,2026-03-13 13:27:16
1389,The new Netflix show premiered today. Haven't watched yet.,neutral,Zomato,Play Store,Mumbai,4986,772,2026-03-20 04:23:16
754,Swiggy cancelled my order with no reason and no refund! lol,negative,Nykaa,Google Reviews,Kochi,30,527,2026-01-31 21:44:16
1472,Checked the website. The product is still in stock.,neutral,Netflix,Instagram,Bangalore,3895,895,2026-05-02 03:10:16
104,Discounts during the sale were amazing. Saved so much money!,positive,Zomato,Reddit,Jaipur,2963,637,2026-02-27 16:46:16
1266,Saw the trailer. Might watch the new series this weekend.,neutral,Swiggy,Trustpilot,Jaipur,4761,825,2026-04-27 15:56:16
1387,Tracking shows my parcel is in Bangalore warehouse.,neutral,Swiggy,Twitter,Chennai,4995,393,2026-02-28 12:19:16
1079,Saw the movie listing. Might go this weekend.,neutral,HDFC Bank,Reddit,Hyderabad,4418,55,2026-02-06 05:23:16
622,Charged twice for a single order and no one is helping.,negative,HDFC Bank,Google Reviews,Pune,477,843,2026-02-13 04:41:16
287,My go-to shopping app. Never disappointed me once.,positive,Meesho,Twitter,Mumbai,3378,140,2026-02-11 06:10:16
256,So easy to use. Even my grandmother figured it out in seconds. #mustwatch,positive,Swiggy,Trustpilot,Chennai,1308,415,2026-02-03 20:15:16
814,Charged twice for a single order and no one is helping.,negative,Netflix,Google Reviews,Kolkata,1143,855,2026-02-15 18:09:16
400,Loving every episode. This is award-winning content for sure.,positive,Airtel,App Store,Bangalore,4017,38,2026-04-21 12:00:16
1159,Just signed up for the service. Will post a review later.,neutral,Ola,Facebook,Delhi,1966,967,2026-04-21 07:38:16
1363,The app just got an update. Downloading it now.,neutral,MakeMyTrip,Reddit,Hyderabad,2068,502,2026-03-06 15:56:16
608,Swiggy cancelled my order with no reason and no refund!,negative,Amazon,Reddit,Pune,426,884,2026-02-06 07:07:16
492,Amazon Prime delivery was super fast. Product quality is excellent. #avoid,positive,Amazon,Play Store,Bangalore,1456,515,2026-02-21 14:34:16
724,Waited 2 hours for my order and it still hasn't arrived. Terrible! #trending,negative,Netflix,Trustpilot,Kolkata,1112,86,2026-04-14 16:23:16
1153,The new menu options look interesting. Will try next time.,neutral,BookMyShow,Play Store,Kochi,2310,564,2026-03-28 18:08:16
1310,Flipkart's sale starts tomorrow. Checking out the deals. omg,neutral,Netflix,App Store,Mumbai,3901,677,2026-02-23 22:52:16
77,Just received my order — looks exactly like the photos. Very satisfied!,positive,Ola,Trustpilot,Bangalore,3567,180,2026-02-24 16:57:16
110,Loving every episode. This is award-winning content for sure.,positive,Meesho,Twitter,Chennai,2445,857,2026-02-15 18:32:16
1322,The new feature is available. Yet to explore it fully.,neutral,Netflix,Instagram,Delhi,819,311,2026-03-20 22:43:16
1020,The new menu options look interesting. Will try next time.,neutral,Airtel,Reddit,Mumbai,1827,709,2026-04-02 22:35:16
1184,Ordered the product last night. Delivery expected in 3 days. 👎,neutral,Nykaa,Facebook,Kolkata,1514,258,2026-03-01 01:53:16
633,Swiggy cancelled my order with no reason and no refund!,negative,Swiggy,Google Reviews,Kochi,1781,751,2026-04-22 13:54:16
1047,Waiting for the sale to start to make my purchase. !!!,neutral,HDFC Bank,Trustpilot,Chennai,763,175,2026-04-18 15:39:16
1434,Waiting for the sale to start to make my purchase.,neutral,Flipkart,Play Store,Ahmedabad,4345,672,2026-04-09 03:21:16
574,My package has been stuck in transit for 10 days. Unacceptable!,negative,Ola,Instagram,Ahmedabad,986,715,2026-02-24 22:54:16
1135,Considering switching plans. Need to compare options first.,neutral,Uber,Facebook,Ahmedabad,3130,281,2026-02-10 16:46:16
722,Hidden charges appeared at checkout. Totally misleading pricing.,negative,Jio,Google Reviews,Kolkata,4465,216,2026-02-07 07:44:16
392,The movie was fantastic. Brilliant screenplay and acting.,positive,Netflix,Twitter,Kochi,2013,662,2026-03-25 21:48:16
438,So easy to use. Even my grandmother figured it out in seconds. #trending,positive,Jio,Twitter,Bangalore,4687,798,2026-04-05 05:33:16
1356,Just signed up for the service. Will post a review later.,neutral,Meesho,Instagram,Chennai,2481,945,2026-03-13 10:16:16
25,Just received my order — looks exactly like the photos. Very satisfied!,positive,Meesho,Twitter,Delhi,496,412,2026-03-20 09:59:16
383,Brilliant feature update. This is exactly what users needed.,positive,Netflix,Facebook,Bangalore,3682,477,2026-03-23 00:07:16
979,Customer support is useless. They just give scripted replies. !!!,negative,Netflix,App Store,Kolkata,1386,60,2026-02-13 03:03:16
868,Worst experience ever. Filed a complaint but got no response.,negative,Meesho,Trustpilot,Chennai,4364,828,2026-02-12 23:15:16
678,Waited 2 hours for my order and it still hasn't arrived. Terrible! #disappointed,negative,Amazon,Reddit,Mumbai,1514,151,2026-04-24 16:52:16
214,"Smooth checkout, accurate tracking, on-time delivery. Perfect! lol",positive,Ola,Facebook,Ahmedabad,3816,696,2026-02-25 02:06:16
931,The app crashes every time I open it. Fix your bugs!,negative,Airtel,Trustpilot,Ahmedabad,160,880,2026-03-05 18:59:16
20,Swiggy support gave me a refund instantly. Highly impressed.,positive,Uber,Reddit,Chennai,3268,687,2026-02-08 01:46:16
281,Brilliant feature update. This is exactly what users needed. omg,positive,BookMyShow,Play Store,Chennai,2142,368,2026-02-25 21:45:16
1115,Notification says my order is nearby. Fingers crossed. 🔥,neutral,Netflix,Facebook,Delhi,3562,732,2026-04-29 07:15:16
1002,Delivery partner just called to confirm my address.,neutral,Airtel,Play Store,Jaipur,356,905,2026-04-04 11:57:16
662,Paid for express delivery and it took 5 days. Ridiculous! #happy,negative,Airtel,Play Store,Bangalore,3174,503,2026-03-03 09:04:16
860,The food was cold and stale. Never ordering from here again.,negative,Meesho,Google Reviews,Kochi,4216,923,2026-03-10 05:13:16
419,Netflix's new series is absolutely mind-blowing. Can't stop watching!,positive,Jio,Instagram,Pune,3124,378,2026-04-08 23:12:16
57,Amazon Prime delivery was super fast. Product quality is excellent.,positive,Jio,Trustpilot,Kolkata,1998,151,2026-02-07 15:14:16
414,Fast internet speeds all day. The telecom finally delivered.,positive,Zomato,Facebook,Pune,1683,997,2026-04-07 23:30:16
6,Discounts during the sale were amazing. Saved so much money! #mustwatch,positive,MakeMyTrip,Play Store,Kochi,1575,721,2026-04-24 11:32:16
428,Discounts during the sale were amazing. Saved so much money!,positive,Nykaa,Google Reviews,Chennai,3137,670,2026-02-28 18:36:16
403,The new update is so smooth. Great work by the dev team!,positive,Meesho,Play Store,Delhi,3060,721,2026-02-07 00:37:16
1312,The cashback will reflect in 3-5 business days apparently.,neutral,Airtel,App Store,Pune,801,50,2026-02-08 00:28:16
1473,The email confirmation came through. Waiting now.,neutral,Netflix,Trustpilot,Kolkata,3864,334,2026-03-24 20:26:16
1442,Ordered the product last night. Delivery expected in 3 days.,neutral,Swiggy,Play Store,Bangalore,4955,552,2026-04-29 14:13:16
1321,Read mixed reviews online. Deciding whether to buy.,neutral,Airtel,Facebook,Mumbai,142,580,2026-02-04 03:21:16
323,Absolutely love this product! Best purchase I've made all year.,positive,Ola,Facebook,Bangalore,1998,528,2026-04-09 20:04:16
1070,Customer support asked for more details about my issue. #mustwatch,neutral,HDFC Bank,Twitter,Kolkata,1742,469,2026-04-04 10:32:16
1470,The new menu options look interesting. Will try next time.,neutral,Ola,Google Reviews,Pune,4715,790,2026-02-15 17:57:16
314,My go-to shopping app. Never disappointed me once.,positive,BYJU's,Google Reviews,Ahmedabad,1140,648,2026-03-25 05:58:16
149,Customer support was extremely helpful and resolved everything quickly.,positive,Ola,Trustpilot,Delhi,747,851,2026-04-22 10:47:16
995,Flipkart sent me a broken product. Absolute waste of money.,negative,Nykaa,Reddit,Ahmedabad,76,226,2026-04-30 04:31:16
844,Flipkart sent me a broken product. Absolute waste of money.,negative,Nykaa,Instagram,Delhi,2979,998,2026-04-07 03:02:16
740,"Terrible UI, hard to navigate, laggy. Not worth using.",negative,Amazon,Trustpilot,Jaipur,1914,388,2026-02-03 14:50:16
1152,The new feature is available. Yet to explore it fully.,neutral,Swiggy,Facebook,Bangalore,4312,745,2026-03-23 18:22:16
235,Just received my order — looks exactly like the photos. Very satisfied!,positive,BYJU's,Twitter,Kochi,3887,271,2026-02-07 18:38:16
276,Great experience from start to finish. Will definitely buy again.,positive,BookMyShow,Google Reviews,Kolkata,4565,542,2026-04-15 00:59:16
427,The new update is so smooth. Great work by the dev team! #happy,positive,MakeMyTrip,Facebook,Delhi,4609,798,2026-04-20 03:19:16
1289,Customer support asked for more details about my issue.,neutral,BookMyShow,App Store,Kochi,3357,300,2026-02-13 16:41:16
1417,Saw the trailer. Might watch the new series this weekend. #avoid,neutral,Zomato,Facebook,Pune,3677,932,2026-03-10 16:46:16
486,Swiggy support gave me a refund instantly. Highly impressed.,positive,Flipkart,Trustpilot,Hyderabad,2768,110,2026-03-10 11:15:16
1320,The email confirmation came through. Waiting now. #mustwatch,neutral,BYJU's,Twitter,Kochi,2884,992,2026-03-02 19:14:16
334,"Ordered groceries on Swiggy Instamart, arrived in 8 minutes. Wow! #trending",positive,BYJU's,Reddit,Chennai,267,281,2026-04-03 19:56:16
730,The battery drains so fast on this phone. Very disappointed.,negative,Uber,Facebook,Jaipur,4748,319,2026-02-13 11:17:16
1066,The new Netflix show premiered today. Haven't watched yet.,neutral,BYJU's,Reddit,Hyderabad,3069,930,2026-04-02 07:09:16
736,Flipkart sent me a broken product. Absolute waste of money.,negative,Nykaa,Instagram,Ahmedabad,3029,827,2026-04-10 04:24:16
1254,Zomato has added new restaurants to my area. !!!,neutral,Amazon,Trustpilot,Kolkata,4298,219,2026-02-06 05:03:16
176,The new update is so smooth. Great work by the dev team!,positive,MakeMyTrip,Instagram,Pune,2541,990,2026-02-07 14:32:16
406,Prompt refund processed in 2 days. That's what I call service!,positive,Netflix,Instagram,Mumbai,4692,400,2026-02-19 12:03:16
1423,Flipkart's sale starts tomorrow. Checking out the deals.,neutral,Netflix,Facebook,Chennai,2243,498,2026-03-07 05:18:16
1179,The cashback will reflect in 3-5 business days apparently.,neutral,Flipkart,Instagram,Hyderabad,986,135,2026-03-12 11:57:16
332,Exceeded all expectations. Highly recommend to everyone!,positive,MakeMyTrip,Twitter,Pune,78,496,2026-04-15 06:22:16
1437,Flipkart's sale starts tomorrow. Checking out the deals. lol,neutral,Ola,Facebook,Pune,3261,721,2026-04-15 21:21:16
689,The refund promised 7 days ago has still not arrived.,negative,Meesho,Instagram,Hyderabad,2707,853,2026-03-19 15:44:16
585,Constant outages. Your service reliability is a joke.,negative,Meesho,Instagram,Pune,3455,646,2026-02-12 18:49:16
216,The new update is so smooth. Great work by the dev team!,positive,Netflix,Play Store,Hyderabad,2834,970,2026-02-25 03:20:16
625,Damaged product delivered. Photos clearly show the damage.,negative,Uber,Facebook,Kochi,2932,690,2026-03-04 14:32:16
813,Zomato driver was rude and delivered the wrong order.,negative,Amazon,Trustpilot,Jaipur,717,220,2026-03-06 13:48:16
702,The refund promised 7 days ago has still not arrived.,negative,Swiggy,Reddit,Jaipur,2869,562,2026-03-23 05:05:16
106,Absolutely love this product! Best purchase I've made all year.,positive,MakeMyTrip,Reddit,Bangalore,2545,564,2026-04-30 19:48:16
1447,The new feature is available. Yet to explore it fully.,neutral,Uber,Reddit,Mumbai,2231,767,2026-04-17 00:33:16
544,Worst experience ever. Filed a complaint but got no response.,negative,Nykaa,Google Reviews,Bangalore,4960,98,2026-04-09 21:17:16
328,"Smooth checkout, accurate tracking, on-time delivery. Perfect! lol",positive,Meesho,Trustpilot,Kochi,1413,833,2026-02-04 14:23:16
984,The battery drains so fast on this phone. Very disappointed.,negative,Ola,Instagram,Chennai,4655,416,2026-03-06 10:20:16
1460,Got an OTP for my account. All seems normal. #disappointed,neutral,Uber,Facebook,Bangalore,1616,448,2026-04-18 11:18:16
990,Overpriced for the quality you get. Not worth it at all.,negative,Ola,App Store,Ahmedabad,2236,251,2026-02-07 02:53:16
219,The packaging is eco-friendly AND beautiful. Good job brand! #trending,positive,Ola,App Store,Hyderabad,4686,426,2026-02-11 17:13:16
1339,Delivery partner just called to confirm my address.,neutral,Airtel,Play Store,Kolkata,3821,430,2026-03-10 23:13:16
1467,The email confirmation came through. Waiting now. #mustwatch,neutral,Zomato,Reddit,Chennai,2328,840,2026-03-08 18:28:16
1397,Saw the trailer. Might watch the new series this weekend.,neutral,Swiggy,Trustpilot,Bangalore,2113,784,2026-03-28 04:19:16
865,Hidden charges appeared at checkout. Totally misleading pricing. #happy,negative,BYJU's,Trustpilot,Kolkata,1718,355,2026-04-22 16:22:16
1483,The app asked me to rate my experience. Will do later.,neutral,Meesho,Instagram,Delhi,3437,854,2026-04-17 11:46:16
704,"Terrible UI, hard to navigate, laggy. Not worth using. #trending",negative,Airtel,Twitter,Delhi,3142,55,2026-04-20 23:49:16
903,Swiggy cancelled my order with no reason and no refund! #trending,negative,Netflix,Trustpilot,Chennai,2953,948,2026-03-08 03:17:16
1023,Checked the website. The product is still in stock.,neutral,Zomato,Twitter,Hyderabad,1620,290,2026-04-10 05:18:16
806,Customer support is useless. They just give scripted replies.,negative,Swiggy,Twitter,Kolkata,4091,786,2026-04-13 22:15:16
97,Prompt refund processed in 2 days. That's what I call service!,positive,Nykaa,App Store,Ahmedabad,1018,479,2026-02-03 03:30:16
312,The movie was fantastic. Brilliant screenplay and acting.,positive,Jio,Play Store,Delhi,4619,204,2026-02-15 20:03:16
980,Waited 2 hours for my order and it still hasn't arrived. Terrible!,negative,Amazon,Google Reviews,Delhi,2621,145,2026-03-11 02:58:16
443,Love how the brand listens to customer feedback. Keep it up!,positive,Amazon,Facebook,Ahmedabad,522,344,2026-03-27 16:54:16
68,The new update is so smooth. Great work by the dev team!,positive,BookMyShow,Twitter,Kolkata,4848,577,2026-02-07 13:09:16
184,This app makes my life so much easier. Love the UI design.,positive,Jio,Instagram,Hyderabad,4953,141,2026-03-31 11:33:16
168,Brilliant feature update. This is exactly what users needed.,positive,MakeMyTrip,Trustpilot,Kochi,2647,884,2026-02-11 03:05:16
508,The food quality has gone downhill. Not what it used to be.,negative,Zomato,Play Store,Jaipur,4167,456,2026-03-01 11:56:16
1401,The restaurant I usually order from is closed today. #disappointed,neutral,Airtel,Facebook,Jaipur,634,242,2026-04-06 02:38:16
522,Flipkart sent me a broken product. Absolute waste of money. !!!,negative,Nykaa,Reddit,Pune,3980,461,2026-03-20 17:32:16
830,My account got locked for no reason. Very frustrating!,negative,Netflix,App Store,Mumbai,971,227,2026-04-15 15:05:16
1116,Checked the website. The product is still in stock.,neutral,Jio,App Store,Hyderabad,2110,681,2026-03-02 16:07:16
1338,Notification says my order is nearby. Fingers crossed. tbh,neutral,Swiggy,Instagram,Jaipur,3620,710,2026-03-22 20:15:16
1411,Checked the website. The product is still in stock.,neutral,Airtel,Reddit,Ahmedabad,3431,235,2026-02-19 08:15:16
1430,Checked the website. The product is still in stock. !!!,neutral,Nykaa,Play Store,Hyderabad,4572,676,2026-02-11 11:34:16
981,The new update ruined everything. Please roll it back.,negative,Nykaa,Facebook,Mumbai,1659,245,2026-02-14 18:59:16
641,No one from support has called back in 3 days. Pathetic. #happy,negative,Uber,Reddit,Hyderabad,586,272,2026-03-08 02:31:16
926,The food quality has gone downhill. Not what it used to be. tbh,negative,Swiggy,Twitter,Bangalore,3908,471,2026-02-03 00:19:16
516,Paid for express delivery and it took 5 days. Ridiculous! 🔥,negative,Netflix,Google Reviews,Jaipur,2416,983,2026-02-10 08:55:16
575,App UI is confusing and hard to use. Very poor design. #mustwatch,negative,Flipkart,Google Reviews,Kochi,825,333,2026-03-16 17:19:16
695,The battery drains so fast on this phone. Very disappointed.,negative,Meesho,App Store,Hyderabad,4301,309,2026-04-10 09:51:16
1156,The app asked me to rate my experience. Will do later. ...,neutral,Netflix,Google Reviews,Kochi,2190,54,2026-02-10 01:29:16
350,Fast internet speeds all day. The telecom finally delivered.,positive,Zomato,Google Reviews,Chennai,1918,439,2026-02-08 10:29:16
1041,The new feature is available. Yet to explore it fully.,neutral,Flipkart,Trustpilot,Hyderabad,4225,601,2026-02-20 22:28:16
545,The refund promised 7 days ago has still not arrived.,negative,Nykaa,Facebook,Delhi,3950,675,2026-04-15 17:40:16
271,Amazon Prime delivery was super fast. Product quality is excellent.,positive,BYJU's,Twitter,Bangalore,4127,296,2026-04-02 13:38:16
307,This app makes my life so much easier. Love the UI design. 👎,positive,Amazon,App Store,Ahmedabad,1195,64,2026-04-10 23:57:16
1081,Zomato has added new restaurants to my area.,neutral,Swiggy,Reddit,Mumbai,1159,960,2026-04-06 09:09:16
1032,Read mixed reviews online. Deciding whether to buy. tbh,neutral,Ola,Twitter,Hyderabad,1798,916,2026-04-06 22:19:16
1441,Just signed up for the service. Will post a review later.,neutral,Zomato,App Store,Ahmedabad,3357,226,2026-02-18 07:40:16
495,The new update is so smooth. Great work by the dev team! #trending,positive,Flipkart,App Store,Bangalore,2347,699,2026-03-31 08:21:16
1161,Read mixed reviews online. Deciding whether to buy.,neutral,Ola,Facebook,Kolkata,113,631,2026-04-07 14:14:16
337,My go-to shopping app. Never disappointed me once.,positive,Flipkart,App Store,Mumbai,3684,269,2026-03-19 10:46:16
181,"Ordered groceries on Swiggy Instamart, arrived in 8 minutes. Wow!",positive,BYJU's,Instagram,Ahmedabad,357,420,2026-03-16 15:28:16
647,The refund promised 7 days ago has still not arrived.,negative,Netflix,Twitter,Kolkata,4775,927,2026-02-06 21:12:16
505,The food quality has gone downhill. Not what it used to be.,negative,Swiggy,Play Store,Hyderabad,1747,679,2026-03-21 02:51:16
882,Constant outages. Your service reliability is a joke.,negative,HDFC Bank,Facebook,Jaipur,1936,878,2026-03-07 01:14:16
1475,Zomato has added new restaurants to my area.,neutral,Meesho,Reddit,Bangalore,2275,728,2026-04-13 23:39:16
1446,Saw the movie listing. Might go this weekend. #disappointed,neutral,Swiggy,Google Reviews,Ahmedabad,346,160,2026-03-27 04:13:16
773,Flipkart sent me a broken product. Absolute waste of money.,negative,Swiggy,Play Store,Jaipur,4157,224,2026-03-03 16:32:16
258,The new update is so smooth. Great work by the dev team!,positive,Airtel,Play Store,Kolkata,4499,934,2026-03-02 19:23:16
1,Finally a food delivery app that gets it right. Bravo Zomato! #avoid,positive,Amazon,Reddit,Hyderabad,1143,754,2026-04-18 15:27:16
858,Subscription auto-renewed without my consent. Scam!,negative,Ola,Reddit,Hyderabad,1922,663,2026-03-23 19:09:16
774,Worst experience ever. Filed a complaint but got no response. 🔥,negative,Swiggy,Instagram,Ahmedabad,4075,180,2026-04-11 15:15:16
1450,Not sure if I should upgrade to the premium plan.,neutral,Flipkart,App Store,Pune,3482,524,2026-04-30 03:57:16
1131,The email confirmation came through. Waiting now. 🔥,neutral,BYJU's,Reddit,Mumbai,2967,743,2026-02-18 09:31:16
879,Swiggy cancelled my order with no reason and no refund!,negative,Zomato,Trustpilot,Jaipur,3069,716,2026-04-18 02:40:16
200,Flipkart customer service resolved my issue in minutes. Impressed!,positive,Jio,Google Reviews,Ahmedabad,3167,347,2026-04-08 21:30:16
659,My account got locked for no reason. Very frustrating!,negative,Jio,Google Reviews,Chennai,3629,763,2026-02-09 13:57:16
913,Hidden charges appeared at checkout. Totally misleading pricing.,negative,Uber,Facebook,Jaipur,4933,390,2026-04-21 00:58:16
1210,The app just got an update. Downloading it now.,neutral,Amazon,Reddit,Kolkata,920,503,2026-04-11 10:00:16
738,Platform is full of fake reviews. Very misleading. omg,negative,BYJU's,Google Reviews,Kolkata,1949,676,2026-03-06 13:34:16
115,The new update is so smooth. Great work by the dev team!,positive,Ola,Instagram,Delhi,3846,800,2026-03-30 02:35:16
1232,Got an OTP for my account. All seems normal.,neutral,Zomato,Reddit,Chennai,1333,554,2026-04-19 11:01:16
1139,Waiting for the sale to start to make my purchase.,neutral,BookMyShow,Trustpilot,Delhi,4250,857,2026-02-16 19:29:16
10,The movie was fantastic. Brilliant screenplay and acting. #happy,positive,Nykaa,Play Store,Hyderabad,4089,405,2026-02-08 23:05:16
583,Subscription auto-renewed without my consent. Scam! #mustwatch,negative,MakeMyTrip,Reddit,Kochi,4717,665,2026-02-07 20:03:16
1324,The restaurant I usually order from is closed today.,neutral,HDFC Bank,Trustpilot,Delhi,2211,702,2026-02-24 13:34:16
1499,Saw an ad for this product. Anyone tried it?,neutral,HDFC Bank,Facebook,Bangalore,2932,313,2026-04-11 22:40:16
613,Waited 2 hours for my order and it still hasn't arrived. Terrible!,negative,HDFC Bank,Instagram,Chennai,323,496,2026-01-31 22:39:16
1486,Delivery partner just called to confirm my address.,neutral,Meesho,Twitter,Delhi,1580,844,2026-02-27 08:28:16
604,Platform is full of fake reviews. Very misleading.,negative,Netflix,Twitter,Chennai,3214,73,2026-02-21 22:03:16
556,Three cancellations in a row. Your service is unreliable.,negative,Swiggy,Facebook,Chennai,1816,379,2026-04-21 18:12:16
1306,Just received my order. Will update once I try the product.,neutral,Airtel,Google Reviews,Hyderabad,3994,107,2026-03-20 06:22:16
203,Love how the brand listens to customer feedback. Keep it up!,positive,Netflix,Trustpilot,Pune,3662,43,2026-03-17 17:47:16
488,"Unboxing was a delight. Premium quality, fast delivery. Worth every rupee. #avoid",positive,Zomato,Google Reviews,Kochi,3956,946,2026-02-26 07:30:16
86,The movie was fantastic. Brilliant screenplay and acting.,positive,BYJU's,App Store,Delhi,1590,303,2026-04-03 02:03:16
1206,The price dropped slightly from last week.,neutral,BYJU's,Twitter,Delhi,4443,753,2026-03-19 15:09:16
120,Customer support was extremely helpful and resolved everything quickly.,positive,Flipkart,Google Reviews,Kochi,1475,174,2026-04-10 10:35:16
490,This app makes my life so much easier. Love the UI design.,positive,MakeMyTrip,Reddit,Chennai,3259,986,2026-03-20 03:46:16
908,Netflix keeps buffering. Your streaming quality is horrible. 👎,negative,Netflix,Instagram,Jaipur,2234,576,2026-02-06 19:01:16
1284,The app just got an update. Downloading it now. #avoid,neutral,Uber,Instagram,Chennai,2241,493,2026-04-07 10:52:16
1255,Downloaded the app. Setting up my profile right now. tbh,neutral,HDFC Bank,App Store,Bangalore,1626,357,2026-03-09 21:44:16
1191,The cashback will reflect in 3-5 business days apparently.,neutral,Netflix,App Store,Bangalore,2372,46,2026-02-19 11:24:16
1065,Delivery partner just called to confirm my address.,neutral,Nykaa,Facebook,Kolkata,2525,454,2026-04-25 18:14:16
53,Discounts during the sale were amazing. Saved so much money!,positive,Amazon,App Store,Hyderabad,3521,804,2026-02-16 17:33:16
801,Constant outages. Your service reliability is a joke.,negative,Airtel,Trustpilot,Ahmedabad,2491,580,2026-04-16 04:04:16
550,Constant outages. Your service reliability is a joke. lol,negative,Jio,Play Store,Delhi,1267,436,2026-02-07 18:58:16
1236,Delivery partner just called to confirm my address. tbh,neutral,Nykaa,Facebook,Jaipur,1230,24,2026-02-16 00:44:16
476,Flipkart customer service resolved my issue in minutes. Impressed!,positive,Uber,Reddit,Ahmedabad,2832,679,2026-02-04 16:50:16
949,The battery drains so fast on this phone. Very disappointed. tbh,negative,Jio,Google Reviews,Ahmedabad,4228,813,2026-02-04 02:13:16
596,Three cancellations in a row. Your service is unreliable.,negative,BYJU's,Trustpilot,Chennai,74,784,2026-03-08 03:36:16
1309,My subscription renews next week. Checking plans.,neutral,Ola,App Store,Kochi,836,150,2026-03-04 09:27:16
1090,Not sure if I should upgrade to the premium plan. #trending,neutral,Nykaa,Facebook,Kolkata,4633,166,2026-04-07 23:58:16
250,This app makes my life so much easier. Love the UI design.,positive,Netflix,App Store,Mumbai,75,305,2026-02-18 18:08:16
901,The new update ruined everything. Please roll it back.,negative,Netflix,Twitter,Kochi,1469,266,2026-04-10 20:43:16
1040,Downloaded the app. Setting up my profile right now.,neutral,Ola,Twitter,Ahmedabad,4199,779,2026-04-13 01:00:16
63,Exceeded all expectations. Highly recommend to everyone!,positive,BookMyShow,Facebook,Bangalore,1235,236,2026-03-13 15:05:16
961,My account got locked for no reason. Very frustrating!,negative,Swiggy,Instagram,Kolkata,3375,83,2026-04-21 11:47:16
1342,My order status shows 'out for delivery'. Let's see.,neutral,Meesho,Trustpilot,Mumbai,693,56,2026-03-28 17:08:16
136,"Smooth checkout, accurate tracking, on-time delivery. Perfect!",positive,Netflix,Google Reviews,Delhi,4008,630,2026-03-11 05:12:16
66,Brilliant feature update. This is exactly what users needed.,positive,Nykaa,Google Reviews,Jaipur,4473,819,2026-02-14 05:43:16
1035,The cashback will reflect in 3-5 business days apparently.,neutral,Jio,Trustpilot,Ahmedabad,3543,418,2026-03-15 21:54:16
195,The movie was fantastic. Brilliant screenplay and acting.,positive,HDFC Bank,Facebook,Pune,1975,750,2026-02-06 17:08:16
761,Hidden charges appeared at checkout. Totally misleading pricing. #avoid,negative,Zomato,Google Reviews,Delhi,1734,826,2026-02-07 15:41:16
1226,The price dropped slightly from last week.,neutral,Amazon,Facebook,Bangalore,491,902,2026-02-09 11:36:16
1291,Zomato has added new restaurants to my area. lol,neutral,HDFC Bank,Instagram,Pune,1001,9,2026-03-22 15:14:16
566,The new update ruined everything. Please roll it back.,negative,Flipkart,Reddit,Pune,3378,978,2026-03-17 20:40:16
273,"Best banking app ever. Zero crashes, super fast transactions.",positive,Amazon,Twitter,Jaipur,4846,900,2026-04-09 16:31:16
914,Customer support is useless. They just give scripted replies. tbh,negative,Swiggy,Twitter,Hyderabad,1334,397,2026-03-12 03:33:16
42,Very happy with my purchase. Packaging was neat and delivery was early.,positive,Nykaa,Twitter,Pune,1720,698,2026-03-31 16:08:16
182,"Best banking app ever. Zero crashes, super fast transactions.",positive,MakeMyTrip,App Store,Ahmedabad,1916,546,2026-04-02 03:23:16
468,The movie was fantastic. Brilliant screenplay and acting.,positive,Swiggy,Instagram,Mumbai,2380,368,2026-02-05 02:47:16
735,Food arrived without utensils. How do you expect me to eat?,negative,Amazon,Instagram,Kochi,2301,281,2026-03-31 12:27:16
1427,Downloaded the app. Setting up my profile right now.,neutral,Nykaa,Facebook,Delhi,3640,910,2026-03-07 21:58:16
894,Three cancellations in a row. Your service is unreliable.,negative,Meesho,Trustpilot,Delhi,1838,730,2026-04-06 06:19:16
1328,Just signed up for the service. Will post a review later.,neutral,Jio,App Store,Chennai,1561,42,2026-02-16 20:30:16
667,The battery drains so fast on this phone. Very disappointed.,negative,Jio,Twitter,Jaipur,3173,528,2026-02-11 12:02:16
707,Flipkart sent me a broken product. Absolute waste of money.,negative,Ola,Trustpilot,Ahmedabad,1898,970,2026-04-04 08:19:16
188,Exceeded all expectations. Highly recommend to everyone!,positive,Meesho,Play Store,Bangalore,1127,39,2026-03-26 21:30:16
758,Customer support is useless. They just give scripted replies.,negative,Jio,Reddit,Chennai,3195,917,2026-04-18 16:30:16
1225,The app just got an update. Downloading it now.,neutral,Uber,App Store,Ahmedabad,3371,739,2026-03-19 22:24:16
263,Zomato delivered in 20 minutes. Food was piping hot. 5 stars!,positive,Ola,App Store,Mumbai,3243,260,2026-05-01 14:01:16
1019,Not sure if I should upgrade to the premium plan.,neutral,HDFC Bank,App Store,Kolkata,2692,166,2026-04-18 22:18:16
254,Netflix's new series is absolutely mind-blowing. Can't stop watching!,positive,Swiggy,Instagram,Bangalore,3911,331,2026-04-01 12:58:16
1087,My subscription renews next week. Checking plans.,neutral,Amazon,Trustpilot,Chennai,3073,575,2026-02-13 22:10:16
581,The new update ruined everything. Please roll it back. ...,negative,Zomato,Reddit,Chennai,3903,859,2026-02-11 09:46:16
458,The new season is brilliant. Netflix knows how to keep us hooked!,positive,HDFC Bank,Google Reviews,Bangalore,2807,923,2026-03-01 01:26:16
58,Fast internet speeds all day. The telecom finally delivered.,positive,BYJU's,Facebook,Kolkata,1792,180,2026-02-01 20:45:16
818,No one from support has called back in 3 days. Pathetic.,negative,BookMyShow,Trustpilot,Hyderabad,219,810,2026-05-02 08:58:16
1046,The app just got an update. Downloading it now. lol,neutral,MakeMyTrip,Google Reviews,Kolkata,1672,971,2026-03-13 10:40:16
551,Swiggy cancelled my order with no reason and no refund!,negative,Jio,Play Store,Kochi,2257,696,2026-03-13 06:48:16
893,The refund promised 7 days ago has still not arrived. !!!,negative,HDFC Bank,Instagram,Kochi,961,14,2026-02-23 23:25:16
1051,Considering switching plans. Need to compare options first. 🔥,neutral,Netflix,Reddit,Chennai,3540,837,2026-01-31 15:44:16
1297,Notification says my order is nearby. Fingers crossed.,neutral,Zomato,Play Store,Mumbai,568,481,2026-04-19 23:28:16
1305,Zomato has added new restaurants to my area.,neutral,Meesho,Reddit,Hyderabad,639,76,2026-02-28 12:01:16
278,This app makes my life so much easier. Love the UI design.,positive,MakeMyTrip,Twitter,Delhi,1541,823,2026-02-15 13:32:16
69,Finally a food delivery app that gets it right. Bravo Zomato!,positive,Meesho,Trustpilot,Bangalore,411,266,2026-03-15 03:01:16
520,Flipkart sent me a broken product. Absolute waste of money. #happy,negative,Meesho,Twitter,Jaipur,3778,660,2026-02-21 10:56:16
338,The packaging is eco-friendly AND beautiful. Good job brand!,positive,BYJU's,Reddit,Hyderabad,4816,705,2026-03-18 14:35:16
102,The product quality has improved drastically. Really happy! ...,positive,HDFC Bank,Google Reviews,Ahmedabad,2361,678,2026-03-11 20:12:16
642,Three cancellations in a row. Your service is unreliable.,negative,Swiggy,Google Reviews,Kolkata,2992,356,2026-04-08 02:52:16
409,"Best banking app ever. Zero crashes, super fast transactions.",positive,HDFC Bank,App Store,Delhi,10,49,2026-03-13 22:28:16
34,This app makes my life so much easier. Love the UI design. #mustwatch,positive,Amazon,Trustpilot,Pune,594,9,2026-03-04 17:38:16
681,Zomato driver was rude and delivered the wrong order.,negative,Nykaa,Google Reviews,Delhi,3500,863,2026-02-21 10:56:16
956,Waited 2 hours for my order and it still hasn't arrived. Terrible!,negative,BookMyShow,App Store,Hyderabad,2489,743,2026-03-08 21:07:16
1257,The email confirmation came through. Waiting now.,neutral,Swiggy,Instagram,Pune,2592,14,2026-04-12 22:15:16
760,No one from support has called back in 3 days. Pathetic. tbh,negative,Swiggy,App Store,Ahmedabad,4374,988,2026-03-06 13:12:16
966,Flipkart sent me a broken product. Absolute waste of money.,negative,Jio,Facebook,Delhi,3027,585,2026-03-26 11:41:16
537,My package has been stuck in transit for 10 days. Unacceptable!,negative,Meesho,Facebook,Hyderabad,3396,830,2026-03-20 14:07:16
1274,Zomato has added new restaurants to my area. #trending,neutral,Ola,Instagram,Mumbai,4453,942,2026-04-21 18:50:16
802,Charged twice for a single order and no one is helping. omg,negative,HDFC Bank,App Store,Mumbai,1215,361,2026-03-26 23:04:16
839,The battery drains so fast on this phone. Very disappointed.,negative,BYJU's,Play Store,Delhi,3816,112,2026-02-25 08:43:16
867,The refund promised 7 days ago has still not arrived.,negative,Ola,Instagram,Mumbai,4228,883,2026-04-08 18:43:16
1496,Notification says my order is nearby. Fingers crossed.,neutral,BYJU's,App Store,Delhi,4204,791,2026-04-06 05:01:16
861,App UI is confusing and hard to use. Very poor design.,negative,Zomato,Play Store,Kolkata,4672,399,2026-03-21 19:08:16
1167,The email confirmation came through. Waiting now. omg,neutral,Nykaa,Trustpilot,Mumbai,2914,6,2026-02-12 22:53:16
1355,The email confirmation came through. Waiting now.,neutral,Jio,Facebook,Bangalore,1240,360,2026-02-07 13:38:16
1413,Flipkart's sale starts tomorrow. Checking out the deals. tbh,neutral,BookMyShow,Instagram,Kochi,4048,647,2026-04-07 07:18:16
471,My go-to shopping app. Never disappointed me once.,positive,Meesho,Trustpilot,Kolkata,1366,115,2026-04-15 14:28:16
511,Damaged product delivered. Photos clearly show the damage.,negative,Ola,Facebook,Bangalore,194,470,2026-03-21 12:09:16
1197,Flipkart's sale starts tomorrow. Checking out the deals. lol,neutral,Ola,Play Store,Pune,681,969,2026-01-31 19:58:16
1111,Delivery partner just called to confirm my address.,neutral,MakeMyTrip,Trustpilot,Kolkata,666,356,2026-03-08 21:32:16
1098,The app asked me to rate my experience. Will do later.,neutral,Netflix,Trustpilot,Mumbai,793,71,2026-02-01 23:41:16
1477,Customer support asked for more details about my issue. lol,neutral,Meesho,Trustpilot,Pune,3474,218,2026-02-12 19:18:16
809,Overpriced for the quality you get. Not worth it at all.,negative,Amazon,Twitter,Kolkata,1805,456,2026-03-18 10:54:16
747,The food was cold and stale. Never ordering from here again.,negative,Ola,Reddit,Kochi,997,725,2026-04-17 10:20:16
1199,My subscription renews next week. Checking plans. #trending,neutral,BookMyShow,Facebook,Kolkata,2108,890,2026-02-10 16:36:16
624,Damaged product delivered. Photos clearly show the damage. tbh,negative,Flipkart,Reddit,Jaipur,2037,583,2026-02-11 07:39:16
285,Finally a food delivery app that gets it right. Bravo Zomato!,positive,HDFC Bank,App Store,Ahmedabad,4018,471,2026-04-10 13:24:16
154,So easy to use. Even my grandmother figured it out in seconds. ...,positive,Amazon,App Store,Pune,2875,6,2026-04-09 08:38:16
230,Love how the brand listens to customer feedback. Keep it up!,positive,Swiggy,Instagram,Delhi,3226,382,2026-03-19 19:51:16
212,Loving every episode. This is award-winning content for sure. omg,positive,Zomato,Play Store,Jaipur,4688,377,2026-03-03 20:06:16
317,Loving every episode. This is award-winning content for sure.,positive,Ola,Facebook,Delhi,2033,673,2026-02-06 02:04:16
231,Brilliant feature update. This is exactly what users needed. #happy,positive,BookMyShow,Google Reviews,Jaipur,329,46,2026-04-28 08:29:16
1016,Read mixed reviews online. Deciding whether to buy.,neutral,HDFC Bank,App Store,Pune,66,530,2026-02-15 15:31:16
1365,Ordered the product last night. Delivery expected in 3 days. ...,neutral,Nykaa,Twitter,Pune,3342,581,2026-02-22 10:53:16
1114,Delivery partner just called to confirm my address.,neutral,Meesho,Trustpilot,Bangalore,3655,977,2026-04-17 21:32:16
1061,Read mixed reviews online. Deciding whether to buy.,neutral,Swiggy,Reddit,Ahmedabad,1148,482,2026-03-28 08:04:16
389,"Smooth checkout, accurate tracking, on-time delivery. Perfect!",positive,Nykaa,Facebook,Mumbai,528,202,2026-02-08 22:23:16
919,"Terrible UI, hard to navigate, laggy. Not worth using.",negative,Ola,Instagram,Ahmedabad,4319,644,2026-02-08 21:09:16
1071,Downloaded the app. Setting up my profile right now. #happy,neutral,HDFC Bank,Twitter,Delhi,1790,420,2026-03-24 17:43:16
180,The packaging is eco-friendly AND beautiful. Good job brand!,positive,BookMyShow,Twitter,Pune,1073,611,2026-03-15 09:04:16
494,Just received my order — looks exactly like the photos. Very satisfied!,positive,Nykaa,App Store,Kolkata,104,535,2026-04-19 12:50:16
1038,The new Netflix show premiered today. Haven't watched yet.,neutral,HDFC Bank,Reddit,Pune,2048,309,2026-02-04 05:02:16
1313,Checked the website. The product is still in stock.,neutral,Amazon,Reddit,Kolkata,1447,608,2026-03-27 20:36:16
174,Swiggy support gave me a refund instantly. Highly impressed. tbh,positive,BYJU's,Play Store,Kochi,428,808,2026-02-10 16:53:16
664,Worst experience ever. Filed a complaint but got no response. omg,negative,Meesho,Trustpilot,Pune,3748,908,2026-03-31 23:49:16
497,The packaging is eco-friendly AND beautiful. Good job brand!,positive,BookMyShow,Reddit,Jaipur,3185,243,2026-02-25 14:56:16
887,"Terrible UI, hard to navigate, laggy. Not worth using.",negative,BYJU's,Twitter,Bangalore,3632,810,2026-02-09 09:14:16
388,Brilliant feature update. This is exactly what users needed.,positive,Netflix,Reddit,Kolkata,3049,702,2026-02-10 17:09:16
384,Discounts during the sale were amazing. Saved so much money!,positive,BYJU's,Reddit,Ahmedabad,2525,474,2026-03-30 10:09:16
536,Data privacy is a concern. This app accesses too much. ...,negative,Flipkart,Facebook,Jaipur,2300,216,2026-04-13 08:04:16
1120,Considering switching plans. Need to compare options first.,neutral,Flipkart,Facebook,Kochi,3012,130,2026-03-23 00:38:16
514,Constant outages. Your service reliability is a joke.,negative,Swiggy,Twitter,Delhi,2930,950,2026-02-27 09:56:16
874,The food quality has gone downhill. Not what it used to be. #trending,negative,Uber,Trustpilot,Mumbai,453,880,2026-04-22 02:36:16
602,The app crashes every time I open it. Fix your bugs!,negative,Uber,Twitter,Hyderabad,738,154,2026-04-30 22:01:16
160,Amazon Prime delivery was super fast. Product quality is excellent.,positive,Flipkart,Instagram,Chennai,2371,335,2026-04-17 12:43:16
660,The app crashes every time I open it. Fix your bugs!,negative,Swiggy,Instagram,Bangalore,214,780,2026-02-12 17:57:16
1298,Tracking shows my parcel is in Bangalore warehouse. lol,neutral,Jio,Facebook,Jaipur,2565,505,2026-02-13 11:49:16
175,Netflix's new series is absolutely mind-blowing. Can't stop watching!,positive,BookMyShow,Google Reviews,Chennai,2064,741,2026-02-06 17:19:16
922,Product doesn't match the description at all. Misleading.,negative,Swiggy,Trustpilot,Kochi,2075,363,2026-03-30 19:09:16
1463,Customer support asked for more details about my issue. #disappointed,neutral,Ola,Reddit,Kochi,3041,531,2026-02-14 04:44:16
489,"Smooth checkout, accurate tracking, on-time delivery. Perfect! ...",positive,Swiggy,Google Reviews,Kochi,4965,903,2026-03-21 20:18:16
416,"Smooth checkout, accurate tracking, on-time delivery. Perfect!",positive,Airtel,Instagram,Mumbai,2955,3,2026-03-09 10:56:16
1341,The cashback will reflect in 3-5 business days apparently.,neutral,MakeMyTrip,App Store,Mumbai,3216,128,2026-03-11 16:14:16
1383,Notification says my order is nearby. Fingers crossed. #mustwatch,neutral,Flipkart,App Store,Pune,4435,515,2026-04-19 11:52:16
1261,Just received my order. Will update once I try the product.,neutral,HDFC Bank,Twitter,Chennai,2514,514,2026-04-16 14:43:16
521,Overpriced for the quality you get. Not worth it at all. !!!,negative,Flipkart,Trustpilot,Pune,2925,131,2026-02-05 16:59:16
739,Customer support is useless. They just give scripted replies. #avoid,negative,Meesho,Play Store,Mumbai,2165,773,2026-04-18 12:04:16
373,Fast internet speeds all day. The telecom finally delivered. 🔥,positive,BYJU's,Twitter,Kolkata,564,898,2026-03-04 03:25:16
1216,The app just got an update. Downloading it now. ...,neutral,Netflix,Google Reviews,Pune,2615,506,2026-03-08 21:30:16
13,"Ordered groceries on Swiggy Instamart, arrived in 8 minutes. Wow!",positive,Jio,Facebook,Kolkata,3126,610,2026-03-03 20:58:16
599,The battery drains so fast on this phone. Very disappointed.,negative,BYJU's,App Store,Chennai,4357,828,2026-03-29 00:02:16
1408,The cashback will reflect in 3-5 business days apparently.,neutral,Amazon,Reddit,Kochi,2400,932,2026-04-01 02:59:16
1190,The restaurant I usually order from is closed today.,neutral,Uber,Facebook,Kolkata,554,494,2026-03-09 20:15:16
1242,The new menu options look interesting. Will try next time.,neutral,Swiggy,Trustpilot,Delhi,3725,321,2026-04-11 04:04:16
1132,The new menu options look interesting. Will try next time.,neutral,Netflix,Google Reviews,Kolkata,1378,948,2026-04-25 09:52:16
1302,Tracking shows my parcel is in Bangalore warehouse. lol,neutral,Uber,Google Reviews,Chennai,1395,947,2026-04-14 18:45:16
29,This app makes my life so much easier. Love the UI design. tbh,positive,Amazon,Trustpilot,Chennai,3465,713,2026-02-19 15:29:16
234,The new season is brilliant. Netflix knows how to keep us hooked!,positive,Uber,App Store,Ahmedabad,136,377,2026-03-20 16:07:16
653,Product doesn't match the description at all. Misleading. #trending,negative,Ola,App Store,Kolkata,241,966,2026-02-20 05:00:16
1354,Considering switching plans. Need to compare options first.,neutral,Zomato,Instagram,Pune,4101,876,2026-02-27 06:52:16
394,Fast internet speeds all day. The telecom finally delivered.,positive,Flipkart,Twitter,Kolkata,2941,491,2026-02-21 21:52:16
880,Subscription auto-renewed without my consent. Scam!,negative,Flipkart,App Store,Bangalore,2973,486,2026-03-16 04:13:16
300,Brilliant feature update. This is exactly what users needed.,positive,MakeMyTrip,Google Reviews,Pune,242,649,2026-03-28 22:43:16
1180,Ordered the product last night. Delivery expected in 3 days.,neutral,Jio,Twitter,Kochi,1635,93,2026-04-26 00:48:16
151,The product quality has improved drastically. Really happy! lol,positive,Meesho,Google Reviews,Mumbai,2356,614,2026-03-24 02:08:16
132,Great experience from start to finish. Will definitely buy again.,positive,Uber,App Store,Kochi,3121,842,2026-02-10 02:08:16
712,The new update ruined everything. Please roll it back.,negative,Flipkart,Reddit,Jaipur,1302,997,2026-03-02 01:10:16
825,Flipkart sent me a broken product. Absolute waste of money.,negative,Netflix,Play Store,Pune,2466,277,2026-02-03 14:30:16
762,"Terrible UI, hard to navigate, laggy. Not worth using.",negative,Meesho,Instagram,Kochi,1908,947,2026-04-23 11:27:16
1392,Notification says my order is nearby. Fingers crossed.,neutral,MakeMyTrip,App Store,Bangalore,3123,478,2026-04-02 08:16:16
302,Love how the brand listens to customer feedback. Keep it up! 🔥,positive,Uber,Facebook,Delhi,2195,157,2026-03-14 14:24:16
690,Three cancellations in a row. Your service is unreliable.,negative,Zomato,Instagram,Ahmedabad,1272,642,2026-03-04 19:17:16
451,Fast internet speeds all day. The telecom finally delivered. !!!,positive,Meesho,Google Reviews,Jaipur,2444,423,2026-04-26 09:06:16
992,Waited 2 hours for my order and it still hasn't arrived. Terrible!,negative,Ola,Instagram,Kolkata,4553,916,2026-02-01 14:43:16
487,Finally a food delivery app that gets it right. Bravo Zomato!,positive,MakeMyTrip,Facebook,Ahmedabad,3746,674,2026-02-15 21:06:16
313,The product quality has improved drastically. Really happy!,positive,Zomato,Trustpilot,Hyderabad,3591,816,2026-03-25 15:10:16
650,The new update ruined everything. Please roll it back.,negative,Uber,Facebook,Pune,3970,887,2026-02-14 20:09:16
1007,The new Netflix show premiered today. Haven't watched yet.,neutral,BookMyShow,Reddit,Delhi,4914,634,2026-03-07 09:34:16
1246,Zomato has added new restaurants to my area.,neutral,BookMyShow,Trustpilot,Chennai,349,635,2026-02-09 11:27:16
734,Overpriced for the quality you get. Not worth it at all.,negative,BYJU's,Twitter,Chennai,3971,84,2026-04-15 21:10:16
1083,Tracking shows my parcel is in Bangalore warehouse. 🔥,neutral,Flipkart,Google Reviews,Bangalore,4963,254,2026-03-25 03:38:16
315,The product quality has improved drastically. Really happy! tbh,positive,BYJU's,Google Reviews,Delhi,3678,612,2026-03-01 18:49:16
1352,Downloaded the app. Setting up my profile right now.,neutral,Zomato,App Store,Ahmedabad,984,577,2026-03-14 12:37:16
1294,Got an OTP for my account. All seems normal.,neutral,Meesho,Play Store,Hyderabad,1614,50,2026-02-27 22:12:16
1224,The restaurant I usually order from is closed today. 🔥,neutral,Swiggy,Twitter,Kochi,3411,153,2026-04-08 21:27:16
578,The app crashes every time I open it. Fix your bugs!,negative,Ola,Reddit,Delhi,2211,823,2026-04-01 19:47:16
380,Netflix's new series is absolutely mind-blowing. Can't stop watching!,positive,BookMyShow,Instagram,Kolkata,613,606,2026-02-19 11:47:16
1043,My order status shows 'out for delivery'. Let's see.,neutral,BookMyShow,Twitter,Pune,1138,591,2026-04-16 03:27:16
1145,The cashback will reflect in 3-5 business days apparently. !!!,neutral,Ola,Twitter,Hyderabad,300,192,2026-04-14 03:20:16
27,Loving every episode. This is award-winning content for sure.,positive,BookMyShow,Facebook,Mumbai,4428,856,2026-05-01 10:15:16
296,"Smooth checkout, accurate tracking, on-time delivery. Perfect!",positive,Zomato,Facebook,Chennai,4448,577,2026-02-07 12:03:16
1241,Not sure if I should upgrade to the premium plan.,neutral,Airtel,Facebook,Mumbai,1168,784,2026-03-23 19:19:16
1068,Considering switching plans. Need to compare options first. tbh,neutral,BookMyShow,Facebook,Pune,2643,575,2026-02-11 06:35:16
1062,Downloaded the app. Setting up my profile right now. !!!,neutral,Netflix,App Store,Delhi,4379,759,2026-03-13 08:10:16
780,The new update ruined everything. Please roll it back.,negative,Airtel,Reddit,Pune,2209,207,2026-03-21 09:12:16
37,Swiggy support gave me a refund instantly. Highly impressed.,positive,Nykaa,Instagram,Chennai,945,911,2026-04-18 13:39:16
609,The battery drains so fast on this phone. Very disappointed.,negative,HDFC Bank,Twitter,Bangalore,2261,598,2026-04-17 00:24:16
282,Flipkart customer service resolved my issue in minutes. Impressed!,positive,Uber,Trustpilot,Pune,1664,379,2026-03-23 00:12:16
1158,My subscription renews next week. Checking plans.,neutral,BookMyShow,Reddit,Chennai,712,970,2026-03-23 23:25:16
265,Very happy with my purchase. Packaging was neat and delivery was early.,positive,BYJU's,Instagram,Kolkata,3067,912,2026-03-14 22:19:16
717,No one from support has called back in 3 days. Pathetic.,negative,Ola,Twitter,Bangalore,1222,463,2026-02-23 03:50:16
1126,The new menu options look interesting. Will try next time.,neutral,Meesho,Reddit,Hyderabad,430,945,2026-04-09 21:28:16
1412,Notification says my order is nearby. Fingers crossed. tbh,neutral,Ola,Instagram,Kochi,2132,814,2026-03-27 02:54:16
1458,Ordered the product last night. Delivery expected in 3 days.,neutral,BYJU's,Trustpilot,Jaipur,4094,320,2026-02-08 05:54:16
456,Absolutely love this product! Best purchase I've made all year.,positive,Ola,Reddit,Hyderabad,2820,319,2026-04-16 09:50:16
1435,The new feature is available. Yet to explore it fully.,neutral,Ola,Trustpilot,Ahmedabad,3212,612,2026-03-17 19:44:16
1454,Read mixed reviews online. Deciding whether to buy.,neutral,Ola,App Store,Pune,1177,829,2026-02-11 11:08:16
351,Flipkart customer service resolved my issue in minutes. Impressed! omg,positive,Swiggy,Instagram,Kochi,1852,531,2026-02-03 23:14:16
1468,Tracking shows my parcel is in Bangalore warehouse.,neutral,BYJU's,Google Reviews,Chennai,4596,554,2026-02-08 16:02:16
1151,The restaurant I usually order from is closed today.,neutral,BYJU's,App Store,Bangalore,1849,280,2026-05-01 09:50:16
251,Swiggy support gave me a refund instantly. Highly impressed.,positive,Amazon,Trustpilot,Jaipur,4295,505,2026-04-14 20:45:16
1426,Ordered the product last night. Delivery expected in 3 days. #trending,neutral,HDFC Bank,Reddit,Chennai,4678,436,2026-03-06 21:06:16
504,App UI is confusing and hard to use. Very poor design.,negative,Flipkart,Instagram,Jaipur,558,805,2026-02-27 07:48:16
727,Food arrived without utensils. How do you expect me to eat?,negative,Uber,App Store,Kolkata,4474,590,2026-03-17 12:12:16
1121,Considering switching plans. Need to compare options first. #trending,neutral,MakeMyTrip,Reddit,Kolkata,3470,327,2026-03-16 15:15:16
1269,Tracking shows my parcel is in Bangalore warehouse. #mustwatch,neutral,Amazon,App Store,Kolkata,1978,4,2026-03-10 12:14:16
152,"Smooth checkout, accurate tracking, on-time delivery. Perfect!",positive,Netflix,Trustpilot,Hyderabad,886,358,2026-02-20 02:07:16
676,The refund promised 7 days ago has still not arrived.,negative,Zomato,Trustpilot,Ahmedabad,4084,556,2026-05-01 17:18:16
1149,The app asked me to rate my experience. Will do later.,neutral,Ola,Instagram,Kolkata,1257,323,2026-03-08 01:13:16
542,Platform is full of fake reviews. Very misleading.,negative,Netflix,Instagram,Kochi,4184,270,2026-04-10 13:31:16
431,Exceeded all expectations. Highly recommend to everyone!,positive,Amazon,App Store,Chennai,4027,878,2026-02-01 16:08:16
1493,Ordered the product last night. Delivery expected in 3 days. 👎,neutral,Amazon,Trustpilot,Chennai,757,501,2026-03-17 18:51:16
1424,Customer support asked for more details about my issue. 👎,neutral,MakeMyTrip,Facebook,Hyderabad,2282,144,2026-04-20 06:39:16
291,Loving every episode. This is award-winning content for sure.,positive,Netflix,Facebook,Delhi,4295,152,2026-04-02 06:35:16
1381,The price dropped slightly from last week.,neutral,Amazon,Instagram,Kochi,3258,490,2026-02-07 09:32:16
846,App UI is confusing and hard to use. Very poor design.,negative,MakeMyTrip,App Store,Kolkata,2917,487,2026-02-05 17:49:16
751,Three cancellations in a row. Your service is unreliable. tbh,negative,Netflix,Trustpilot,Delhi,1178,553,2026-03-08 06:35:16
347,"Unboxing was a delight. Premium quality, fast delivery. Worth every rupee.",positive,Nykaa,Twitter,Mumbai,815,641,2026-03-05 13:07:16
1286,Customer support asked for more details about my issue. #avoid,neutral,Amazon,Google Reviews,Delhi,4781,812,2026-02-16 04:04:16
538,Paid for express delivery and it took 5 days. Ridiculous!,negative,Airtel,Reddit,Kochi,1320,662,2026-03-11 12:59:16
299,Netflix's new series is absolutely mind-blowing. Can't stop watching!,positive,HDFC Bank,Twitter,Delhi,3580,237,2026-04-23 02:36:16
213,Love how the brand listens to customer feedback. Keep it up!,positive,Swiggy,App Store,Kolkata,3921,538,2026-03-10 23:22:16
255,This app makes my life so much easier. Love the UI design. 👎,positive,HDFC Bank,App Store,Kochi,4693,11,2026-03-29 16:51:16
878,The battery drains so fast on this phone. Very disappointed.,negative,Flipkart,Instagram,Delhi,1434,219,2026-03-27 22:48:16
902,Three cancellations in a row. Your service is unreliable.,negative,Airtel,Instagram,Delhi,2599,727,2026-02-24 00:05:16
1418,Considering switching plans. Need to compare options first.,neutral,Amazon,Trustpilot,Bangalore,1502,741,2026-02-15 21:09:16
745,Customer support is useless. They just give scripted replies.,negative,Zomato,Twitter,Delhi,97,421,2026-04-19 21:08:16
1311,My subscription renews next week. Checking plans. #disappointed,neutral,Swiggy,Play Store,Kolkata,1737,154,2026-03-12 20:47:16
1366,Customer support asked for more details about my issue.,neutral,Nykaa,Trustpilot,Hyderabad,1699,584,2026-03-02 20:52:16
600,Food arrived without utensils. How do you expect me to eat? ...,negative,Amazon,Facebook,Ahmedabad,3709,278,2026-02-01 17:43:16
123,Great experience from start to finish. Will definitely buy again.,positive,MakeMyTrip,App Store,Kolkata,2048,467,2026-03-25 06:50:16
1431,The price dropped slightly from last week. ...,neutral,MakeMyTrip,Google Reviews,Hyderabad,1602,271,2026-03-03 08:43:16
899,Damaged product delivered. Photos clearly show the damage.,negative,Swiggy,Facebook,Jaipur,481,53,2026-03-21 05:44:16
1347,Flipkart's sale starts tomorrow. Checking out the deals.,neutral,Meesho,Trustpilot,Kolkata,455,948,2026-04-17 03:49:16
248,Finally a food delivery app that gets it right. Bravo Zomato! 👎,positive,HDFC Bank,App Store,Mumbai,732,667,2026-02-18 05:40:16
533,The food was cold and stale. Never ordering from here again. #mustwatch,negative,HDFC Bank,Facebook,Jaipur,2240,854,2026-03-29 18:40:16
1293,Ordered the product last night. Delivery expected in 3 days.,neutral,Swiggy,App Store,Kochi,612,587,2026-02-08 23:31:16
145,"Unboxing was a delight. Premium quality, fast delivery. Worth every rupee.",positive,Jio,Facebook,Ahmedabad,3633,75,2026-04-22 02:36:16
790,Waited 2 hours for my order and it still hasn't arrived. Terrible!,negative,Swiggy,Google Reviews,Pune,4349,33,2026-03-25 23:26:16
963,My account got locked for no reason. Very frustrating!,negative,Amazon,Trustpilot,Kolkata,3605,705,2026-02-28 13:48:16
833,The food was cold and stale. Never ordering from here again.,negative,Nykaa,App Store,Mumbai,542,308,2026-02-06 12:26:16
1181,The cashback will reflect in 3-5 business days apparently.,neutral,Ola,Reddit,Hyderabad,2753,436,2026-03-02 11:42:16
1391,Considering switching plans. Need to compare options first.,neutral,BYJU's,Facebook,Jaipur,3179,975,2026-02-05 03:20:16
144,Flipkart customer service resolved my issue in minutes. Impressed!,positive,Flipkart,Twitter,Jaipur,2470,469,2026-02-09 13:11:16
1189,Considering switching plans. Need to compare options first. ...,neutral,Flipkart,Google Reviews,Jaipur,2068,912,2026-02-20 01:17:16
1267,Saw the movie listing. Might go this weekend.,neutral,Flipkart,Trustpilot,Jaipur,3121,117,2026-04-06 22:07:16
1436,Tracking shows my parcel is in Bangalore warehouse. !!!,neutral,Nykaa,App Store,Kolkata,3663,333,2026-03-31 15:47:16
679,The food was cold and stale. Never ordering from here again. #trending,negative,Ola,App Store,Pune,718,50,2026-04-19 00:03:16
228,Fast internet speeds all day. The telecom finally delivered. lol,positive,BYJU's,Google Reviews,Pune,370,410,2026-04-25 18:39:16
1025,Flipkart's sale starts tomorrow. Checking out the deals. #mustwatch,neutral,Netflix,Google Reviews,Delhi,2772,958,2026-04-06 03:45:16
1075,Considering switching plans. Need to compare options first. #happy,neutral,Uber,Twitter,Hyderabad,173,631,2026-04-17 03:59:16
363,So easy to use. Even my grandmother figured it out in seconds.,positive,Ola,Instagram,Chennai,684,317,2026-04-21 20:16:16
496,Zomato delivered in 20 minutes. Food was piping hot. 5 stars!,positive,Amazon,Reddit,Jaipur,264,367,2026-03-06 09:35:16
909,No one from support has called back in 3 days. Pathetic.,negative,Zomato,Instagram,Kolkata,629,252,2026-02-27 16:08:16
1443,The new menu options look interesting. Will try next time.,neutral,BYJU's,Play Store,Pune,4529,64,2026-02-08 11:41:16
941,Platform is full of fake reviews. Very misleading.,negative,BookMyShow,Twitter,Delhi,2766,440,2026-04-17 18:00:16
945,Flipkart sent me a broken product. Absolute waste of money.,negative,Nykaa,Play Store,Bangalore,2393,725,2026-03-06 20:43:16
424,Amazon Prime delivery was super fast. Product quality is excellent. tbh,positive,Swiggy,Google Reviews,Hyderabad,1211,854,2026-02-15 04:54:16
64,So easy to use. Even my grandmother figured it out in seconds. tbh,positive,Jio,Play Store,Jaipur,3816,425,2026-04-25 06:21:16
133,The product quality has improved drastically. Really happy! #trending,positive,MakeMyTrip,Play Store,Kochi,1813,663,2026-04-23 16:22:16
1295,My subscription renews next week. Checking plans.,neutral,Swiggy,Trustpilot,Bangalore,4926,334,2026-02-16 00:59:16
272,Exceeded all expectations. Highly recommend to everyone!,positive,BYJU's,Play Store,Hyderabad,2472,897,2026-04-13 15:41:16
661,The refund promised 7 days ago has still not arrived.,negative,Flipkart,Reddit,Hyderabad,213,367,2026-04-21 14:25:16
410,Just received my order — looks exactly like the photos. Very satisfied!,positive,Nykaa,Google Reviews,Ahmedabad,3102,359,2026-02-22 01:08:16
1428,Zomato has added new restaurants to my area.,neutral,Amazon,Facebook,Pune,647,762,2026-04-03 14:10:16
1280,The email confirmation came through. Waiting now.,neutral,Nykaa,Trustpilot,Bangalore,1472,305,2026-05-01 07:32:16
491,Loving every episode. This is award-winning content for sure. tbh,positive,MakeMyTrip,App Store,Jaipur,2571,728,2026-02-20 17:01:16
1400,The new Netflix show premiered today. Haven't watched yet.,neutral,Amazon,App Store,Mumbai,2894,553,2026-04-26 17:59:16
938,Overpriced for the quality you get. Not worth it at all.,negative,HDFC Bank,Trustpilot,Bangalore,1697,289,2026-02-02 14:09:16
331,"Ordered groceries on Swiggy Instamart, arrived in 8 minutes. Wow!",positive,BookMyShow,Instagram,Jaipur,1366,501,2026-03-27 09:03:16
396,Absolutely love this product! Best purchase I've made all year.,positive,BYJU's,App Store,Mumbai,3864,542,2026-03-17 19:00:16
1048,Customer support asked for more details about my issue. #avoid,neutral,MakeMyTrip,Trustpilot,Mumbai,1529,203,2026-04-24 00:56:16
798,Swiggy cancelled my order with no reason and no refund! ...,negative,Airtel,Instagram,Hyderabad,4265,974,2026-02-11 12:56:16
1099,Saw an ad for this product. Anyone tried it?,neutral,Uber,Google Reviews,Bangalore,1445,383,2026-04-08 15:06:16
759,My package has been stuck in transit for 10 days. Unacceptable!,negative,Nykaa,Trustpilot,Hyderabad,1146,36,2026-04-08 12:28:16
187,Absolutely love this product! Best purchase I've made all year.,positive,Jio,Play Store,Hyderabad,3163,83,2026-03-16 06:13:16
967,The app crashes every time I open it. Fix your bugs! 👎,negative,HDFC Bank,App Store,Chennai,3980,28,2026-04-14 08:24:16
1476,My order status shows 'out for delivery'. Let's see.,neutral,BYJU's,App Store,Delhi,4570,921,2026-03-07 16:52:16
512,Netflix keeps buffering. Your streaming quality is horrible. 👎,negative,BookMyShow,Facebook,Kochi,1864,932,2026-03-29 23:50:16
666,Product doesn't match the description at all. Misleading.,negative,Uber,Twitter,Jaipur,895,462,2026-03-05 11:18:16
47,The movie was fantastic. Brilliant screenplay and acting.,positive,BYJU's,App Store,Pune,4173,409,2026-02-04 19:53:16
838,App UI is confusing and hard to use. Very poor design.,negative,Airtel,Facebook,Bangalore,2906,388,2026-03-09 06:42:16
1449,Got an OTP for my account. All seems normal.,neutral,Zomato,Twitter,Jaipur,4955,941,2026-04-13 09:27:16
1031,Read mixed reviews online. Deciding whether to buy.,neutral,Netflix,Play Store,Pune,4304,711,2026-03-01 14:43:16
284,Just received my order — looks exactly like the photos. Very satisfied! 🔥,positive,HDFC Bank,Reddit,Kolkata,4667,853,2026-03-31 21:39:16
460,"Ordered groceries on Swiggy Instamart, arrived in 8 minutes. Wow! #avoid",positive,Ola,Twitter,Kolkata,2095,789,2026-02-22 18:11:16
60,Discounts during the sale were amazing. Saved so much money!,positive,BYJU's,Trustpilot,Kochi,4135,436,2026-02-20 22:17:16
387,Prompt refund processed in 2 days. That's what I call service!,positive,Swiggy,Trustpilot,Delhi,1145,124,2026-05-01 11:21:16
841,"Terrible UI, hard to navigate, laggy. Not worth using.",negative,Amazon,Trustpilot,Hyderabad,4537,417,2026-03-26 00:02:16
1200,Notification says my order is nearby. Fingers crossed. omg,neutral,Flipkart,Play Store,Chennai,1670,595,2026-02-11 01:05:16
1136,The restaurant I usually order from is closed today. !!!,neutral,Swiggy,Facebook,Ahmedabad,4175,230,2026-04-29 18:38:16
1326,Considering switching plans. Need to compare options first.,neutral,Jio,Play Store,Hyderabad,731,198,2026-03-14 17:08:16
202,"Ordered groceries on Swiggy Instamart, arrived in 8 minutes. Wow!",positive,HDFC Bank,Facebook,Delhi,2686,676,2026-03-26 03:46:16
1452,Notification says my order is nearby. Fingers crossed. 👎,neutral,Nykaa,Reddit,Kolkata,141,508,2026-03-13 01:26:16
1123,The app just got an update. Downloading it now.,neutral,Amazon,Reddit,Ahmedabad,3733,150,2026-02-15 04:05:16
685,Paid for express delivery and it took 5 days. Ridiculous!,negative,Netflix,Reddit,Chennai,1585,1,2026-04-17 12:45:16
1128,Read mixed reviews online. Deciding whether to buy.,neutral,BYJU's,Google Reviews,Kolkata,588,540,2026-03-27 03:30:16
7,"Best banking app ever. Zero crashes, super fast transactions.",positive,Swiggy,Reddit,Delhi,3113,284,2026-03-04 16:21:16
591,The app crashes every time I open it. Fix your bugs! ...,negative,Zomato,Twitter,Pune,2664,884,2026-03-02 22:19:16
820,App UI is confusing and hard to use. Very poor design.,negative,Zomato,Facebook,Chennai,4039,993,2026-04-23 17:27:16
364,Amazon Prime delivery was super fast. Product quality is excellent.,positive,Netflix,Play Store,Kolkata,4804,649,2026-02-07 15:33:16
322,Customer support was extremely helpful and resolved everything quickly.,positive,Airtel,Trustpilot,Pune,550,307,2026-04-26 15:07:16
921,The battery drains so fast on this phone. Very disappointed.,negative,Amazon,Twitter,Jaipur,626,939,2026-04-26 21:08:16
587,App UI is confusing and hard to use. Very poor design. #mustwatch,negative,Jio,App Store,Ahmedabad,2975,765,2026-02-15 20:46:16
951,The food was cold and stale. Never ordering from here again.,negative,Zomato,Instagram,Kochi,473,646,2026-02-06 20:56:16
1014,Saw the trailer. Might watch the new series this weekend.,neutral,Flipkart,Instagram,Mumbai,495,130,2026-03-23 18:47:16
828,Worst experience ever. Filed a complaint but got no response.,negative,BookMyShow,Facebook,Kolkata,3772,938,2026-04-23 09:22:16
462,This app makes my life so much easier. Love the UI design. 👎,positive,Airtel,Instagram,Hyderabad,76,308,2026-03-09 16:08:16
804,Overpriced for the quality you get. Not worth it at all.,negative,Netflix,Reddit,Delhi,337,324,2026-02-18 08:46:16
1186,Not sure if I should upgrade to the premium plan.,neutral,HDFC Bank,Reddit,Chennai,1720,598,2026-03-14 10:18:16
1097,Zomato has added new restaurants to my area. #happy,neutral,BYJU's,Play Store,Bangalore,2203,766,2026-04-05 13:49:16
1336,Tracking shows my parcel is in Bangalore warehouse.,neutral,Netflix,Google Reviews,Pune,4736,142,2026-02-04 06:58:16
651,Customer support is useless. They just give scripted replies. omg,negative,BookMyShow,Twitter,Mumbai,2026,944,2026-02-24 03:53:16
217,Netflix's new series is absolutely mind-blowing. Can't stop watching! #mustwatch,positive,BookMyShow,App Store,Bangalore,2480,629,2026-02-23 10:42:16
744,No one from support has called back in 3 days. Pathetic.,negative,BYJU's,Reddit,Kochi,1596,532,2026-03-19 15:30:16
1193,Got an OTP for my account. All seems normal.,neutral,MakeMyTrip,App Store,Hyderabad,1507,3,2026-04-11 19:01:16
572,Data privacy is a concern. This app accesses too much.,negative,Meesho,App Store,Ahmedabad,1498,782,2026-02-26 04:49:16
857,My package has been stuck in transit for 10 days. Unacceptable!,negative,Uber,Twitter,Pune,3117,99,2026-03-09 01:52:16
446,Very happy with my purchase. Packaging was neat and delivery was early. tbh,positive,Jio,Google Reviews,Mumbai,4776,725,2026-02-18 06:53:16
1163,My order status shows 'out for delivery'. Let's see.,neutral,Ola,Reddit,Bangalore,615,375,2026-04-14 20:52:16
837,Zomato driver was rude and delivered the wrong order. #disappointed,negative,Zomato,Facebook,Hyderabad,4130,871,2026-01-31 21:51:16
1432,Downloaded the app. Setting up my profile right now. omg,neutral,Amazon,Instagram,Hyderabad,726,973,2026-02-24 13:27:16
1491,Zomato has added new restaurants to my area.,neutral,Flipkart,App Store,Hyderabad,1087,317,2026-04-26 00:29:16
326,Amazon Prime delivery was super fast. Product quality is excellent. #avoid,positive,BYJU's,Facebook,Kochi,833,818,2026-02-23 07:51:16
366,Love how the brand listens to customer feedback. Keep it up!,positive,Amazon,Instagram,Delhi,103,724,2026-04-14 15:14:16
593,Constant outages. Your service reliability is a joke.,negative,Nykaa,Google Reviews,Jaipur,4372,317,2026-03-18 21:40:16
227,Love how the brand listens to customer feedback. Keep it up!,positive,Ola,Trustpilot,Chennai,4396,8,2026-04-19 00:06:16
1385,Tracking shows my parcel is in Bangalore warehouse.,neutral,Flipkart,Facebook,Pune,1162,36,2026-04-01 14:46:16
448,Discounts during the sale were amazing. Saved so much money! !!!,positive,Airtel,Instagram,Chennai,4579,781,2026-04-08 15:17:16
1459,My order status shows 'out for delivery'. Let's see.,neutral,BookMyShow,Facebook,Delhi,3487,716,2026-04-23 01:06:16
1211,Flipkart's sale starts tomorrow. Checking out the deals.,neutral,Amazon,Play Store,Delhi,2733,121,2026-03-17 10:17:16
253,Exceeded all expectations. Highly recommend to everyone!,positive,MakeMyTrip,Reddit,Bangalore,3321,846,2026-03-08 20:54:16
776,Flipkart sent me a broken product. Absolute waste of money.,negative,Nykaa,Instagram,Bangalore,238,496,2026-02-26 10:10:16
270,Netflix's new series is absolutely mind-blowing. Can't stop watching! #trending,positive,Airtel,Twitter,Hyderabad,362,411,2026-03-07 05:40:16
1101,The new Netflix show premiered today. Haven't watched yet.,neutral,BYJU's,Reddit,Chennai,3348,451,2026-02-10 18:08:16
769,The app crashes every time I open it. Fix your bugs! #mustwatch,negative,MakeMyTrip,Google Reviews,Bangalore,128,900,2026-03-01 11:14:16
481,Discounts during the sale were amazing. Saved so much money!,positive,Meesho,Facebook,Kochi,2495,911,2026-02-25 20:01:16
1006,The price dropped slightly from last week.,neutral,Meesho,App Store,Hyderabad,883,484,2026-04-02 02:21:16
1140,Downloaded the app. Setting up my profile right now.,neutral,Swiggy,Reddit,Delhi,1480,882,2026-02-14 15:03:16
582,Damaged product delivered. Photos clearly show the damage.,negative,HDFC Bank,Play Store,Jaipur,4566,954,2026-03-31 02:13:16
48,Absolutely love this product! Best purchase I've made all year. 👎,positive,Netflix,App Store,Mumbai,888,610,2026-03-08 01:28:16
851,Swiggy cancelled my order with no reason and no refund!,negative,BYJU's,Twitter,Mumbai,3525,901,2026-04-17 00:46:16
884,Food arrived without utensils. How do you expect me to eat?,negative,Nykaa,Trustpilot,Pune,3328,808,2026-04-28 04:19:16
1157,Got an OTP for my account. All seems normal. #happy,neutral,Jio,Trustpilot,Bangalore,3595,362,2026-03-03 20:56:16
721,My package has been stuck in transit for 10 days. Unacceptable! 👎,negative,Meesho,Twitter,Hyderabad,3536,719,2026-02-16 00:34:16
342,The packaging is eco-friendly AND beautiful. Good job brand! ...,positive,Uber,Play Store,Hyderabad,3217,501,2026-04-13 18:34:16
320,So easy to use. Even my grandmother figured it out in seconds.,positive,HDFC Bank,Twitter,Ahmedabad,856,302,2026-03-10 11:07:16
61,"Ordered groceries on Swiggy Instamart, arrived in 8 minutes. Wow!",positive,Airtel,Trustpilot,Chennai,2025,860,2026-02-10 04:25:16
958,Zomato driver was rude and delivered the wrong order.,negative,Zomato,Trustpilot,Pune,1934,824,2026-02-16 18:29:16
925,Charged twice for a single order and no one is helping. ...,negative,Flipkart,Instagram,Delhi,4948,265,2026-02-05 09:47:16
646,Worst experience ever. Filed a complaint but got no response.,negative,Flipkart,Reddit,Jaipur,4286,768,2026-03-29 19:44:16
598,The battery drains so fast on this phone. Very disappointed. #avoid,negative,Ola,Google Reviews,Kolkata,1807,269,2026-04-21 23:34:16
623,The food was cold and stale. Never ordering from here again.,negative,Meesho,App Store,Delhi,1768,983,2026-02-25 10:08:16
1304,Read mixed reviews online. Deciding whether to buy.,neutral,Amazon,Play Store,Ahmedabad,1850,94,2026-03-30 03:29:16
1085,Customer support asked for more details about my issue.,neutral,Jio,Google Reviews,Bangalore,3948,20,2026-03-14 23:20:16
426,The packaging is eco-friendly AND beautiful. Good job brand! omg,positive,Nykaa,Twitter,Kochi,4813,535,2026-03-10 09:48:16
171,Love how the brand listens to customer feedback. Keep it up!,positive,Airtel,Twitter,Ahmedabad,4683,667,2026-04-08 02:36:16
1271,Notification says my order is nearby. Fingers crossed.,neutral,Flipkart,Google Reviews,Mumbai,4733,439,2026-04-15 16:50:16
1150,Saw the trailer. Might watch the new series this weekend. 👎,neutral,Swiggy,Facebook,Jaipur,3332,67,2026-03-20 17:09:16
997,My package has been stuck in transit for 10 days. Unacceptable! omg,negative,Nykaa,Reddit,Mumbai,1606,840,2026-02-10 01:07:16
161,Prompt refund processed in 2 days. That's what I call service!,positive,Netflix,Google Reviews,Jaipur,1885,512,2026-02-19 15:23:16
1171,Customer support asked for more details about my issue.,neutral,Amazon,Facebook,Ahmedabad,3599,165,2026-04-15 01:27:16
67,"Best banking app ever. Zero crashes, super fast transactions. omg",positive,Zomato,Google Reviews,Pune,3312,741,2026-04-10 22:16:16
826,My package has been stuck in transit for 10 days. Unacceptable! #happy,negative,HDFC Bank,Instagram,Mumbai,1121,530,2026-03-27 01:25:16
524,Charged twice for a single order and no one is helping. #avoid,negative,Ola,Google Reviews,Chennai,2944,137,2026-02-04 13:53:16
799,Subscription auto-renewed without my consent. Scam!,negative,BookMyShow,Instagram,Ahmedabad,2840,430,2026-03-06 13:33:16
349,Finally a food delivery app that gets it right. Bravo Zomato!,positive,Meesho,App Store,Delhi,2952,256,2026-04-22 01:32:16
1091,Got an OTP for my account. All seems normal.,neutral,Uber,Play Store,Jaipur,4002,650,2026-02-03 01:30:16
432,The packaging is eco-friendly AND beautiful. Good job brand! 👎,positive,Uber,Trustpilot,Pune,2207,746,2026-03-09 17:33:16
1022,Just received my order. Will update once I try the product. #trending,neutral,BookMyShow,Facebook,Bangalore,2380,450,2026-04-07 16:37:16
947,My account got locked for no reason. Very frustrating!,negative,Flipkart,Trustpilot,Pune,2349,517,2026-04-11 10:57:16
311,Exceeded all expectations. Highly recommend to everyone! tbh,positive,HDFC Bank,App Store,Ahmedabad,4717,800,2026-04-01 02:50:16
911,Waited 2 hours for my order and it still hasn't arrived. Terrible! #avoid,negative,Ola,Trustpilot,Ahmedabad,2206,608,2026-02-07 12:53:16
1361,Waiting for the sale to start to make my purchase.,neutral,Jio,Facebook,Mumbai,2051,117,2026-04-27 14:10:16
655,Constant outages. Your service reliability is a joke.,negative,Jio,Reddit,Kochi,1251,436,2026-03-23 17:53:16
698,The app crashes every time I open it. Fix your bugs! #trending,negative,Airtel,Google Reviews,Jaipur,948,4,2026-03-24 11:31:16
703,App UI is confusing and hard to use. Very poor design.,negative,MakeMyTrip,Reddit,Bangalore,583,318,2026-02-13 02:40:16
1357,Downloaded the app. Setting up my profile right now.,neutral,Jio,Trustpilot,Kochi,1477,589,2026-01-31 20:25:16
1143,Customer support asked for more details about my issue.,neutral,Ola,Twitter,Hyderabad,2462,47,2026-02-25 03:32:16
975,Worst experience ever. Filed a complaint but got no response.,negative,BookMyShow,Twitter,Delhi,4356,184,2026-04-30 04:24:16
797,Data privacy is a concern. This app accesses too much. omg,negative,Swiggy,Facebook,Kolkata,1464,295,2026-04-23 10:04:16
1109,Got an OTP for my account. All seems normal.,neutral,HDFC Bank,Trustpilot,Kochi,3892,527,2026-03-10 16:02:16
674,Hidden charges appeared at checkout. Totally misleading pricing.,negative,Ola,Instagram,Bangalore,1184,183,2026-04-25 23:55:16
862,Charged twice for a single order and no one is helping.,negative,Uber,Reddit,Pune,4069,514,2026-02-06 03:04:16
1457,Just signed up for the service. Will post a review later.,neutral,Zomato,Play Store,Kochi,4904,416,2026-05-02 04:30:16
590,The refund promised 7 days ago has still not arrived. #mustwatch,negative,Nykaa,Google Reviews,Chennai,1878,253,2026-03-26 22:34:16
131,The product quality has improved drastically. Really happy!,positive,Meesho,Play Store,Delhi,3232,14,2026-03-29 20:07:16
453,Exceeded all expectations. Highly recommend to everyone!,positive,Netflix,Play Store,Mumbai,38,462,2026-03-28 06:26:16
1290,The restaurant I usually order from is closed today.,neutral,Swiggy,Instagram,Pune,3517,809,2026-04-09 01:59:16
38,The new update is so smooth. Great work by the dev team! #happy,positive,Flipkart,Play Store,Hyderabad,2162,517,2026-03-01 04:17:16
461,Love how the brand listens to customer feedback. Keep it up!,positive,Ola,Facebook,Mumbai,395,706,2026-04-17 23:46:16
454,Brilliant feature update. This is exactly what users needed. ...,positive,Airtel,Facebook,Bangalore,3552,648,2026-03-09 00:47:16
199,The movie was fantastic. Brilliant screenplay and acting. #mustwatch,positive,Flipkart,App Store,Pune,391,886,2026-02-08 02:57:16
1420,Considering switching plans. Need to compare options first.,neutral,BYJU's,Facebook,Hyderabad,2435,505,2026-03-20 11:38:16
948,My package has been stuck in transit for 10 days. Unacceptable!,negative,Jio,Play Store,Hyderabad,1241,771,2026-02-23 23:24:16
547,Subscription auto-renewed without my consent. Scam! omg,negative,BYJU's,Google Reviews,Pune,4825,823,2026-02-01 19:08:16
1230,Zomato has added new restaurants to my area.,neutral,Airtel,Trustpilot,Pune,3318,847,2026-03-15 08:11:16
266,Swiggy support gave me a refund instantly. Highly impressed.,positive,Jio,Facebook,Jaipur,1089,669,2026-03-19 10:03:16
849,The new update ruined everything. Please roll it back.,negative,HDFC Bank,Instagram,Chennai,789,778,2026-04-22 15:26:16
39,Swiggy support gave me a refund instantly. Highly impressed.,positive,Swiggy,Google Reviews,Chennai,361,3,2026-03-21 08:34:16
425,Swiggy support gave me a refund instantly. Highly impressed.,positive,BYJU's,Facebook,Delhi,3179,569,2026-03-12 19:54:16
834,Flipkart sent me a broken product. Absolute waste of money.,negative,Nykaa,Reddit,Kochi,1638,189,2026-02-06 02:13:16
1438,The new menu options look interesting. Will try next time.,neutral,MakeMyTrip,Google Reviews,Hyderabad,237,297,2026-03-28 21:01:16
559,App UI is confusing and hard to use. Very poor design. ...,negative,Ola,Twitter,Pune,1959,670,2026-05-02 08:09:16
1375,Read mixed reviews online. Deciding whether to buy.,neutral,Ola,Play Store,Kolkata,3912,310,2026-04-03 12:15:16
372,Exceeded all expectations. Highly recommend to everyone! #avoid,positive,HDFC Bank,App Store,Delhi,4682,381,2026-04-16 20:31:16
817,Three cancellations in a row. Your service is unreliable. ...,negative,Meesho,Google Reviews,Chennai,4537,502,2026-04-27 03:21:16
94,Great experience from start to finish. Will definitely buy again.,positive,Airtel,App Store,Mumbai,1896,295,2026-02-01 03:30:16
1028,Saw the trailer. Might watch the new series this weekend.,neutral,Ola,Reddit,Mumbai,4811,193,2026-02-23 03:24:16
567,Waited 2 hours for my order and it still hasn't arrived. Terrible!,negative,Amazon,Reddit,Chennai,761,408,2026-02-04 13:22:16
381,The product quality has improved drastically. Really happy!,positive,Flipkart,App Store,Chennai,2580,948,2026-03-12 14:21:16
1272,Considering switching plans. Need to compare options first. lol,neutral,BookMyShow,Instagram,Kolkata,1892,101,2026-02-01 08:42:16
1445,Customer support asked for more details about my issue.,neutral,HDFC Bank,Google Reviews,Hyderabad,4529,750,2026-04-01 13:12:16
441,Finally a food delivery app that gets it right. Bravo Zomato! tbh,positive,Meesho,Play Store,Ahmedabad,2064,223,2026-03-04 03:31:16
969,The food quality has gone downhill. Not what it used to be.,negative,Meesho,Twitter,Kolkata,3941,586,2026-03-23 18:46:16
1175,Flipkart's sale starts tomorrow. Checking out the deals.,neutral,Netflix,Instagram,Pune,4096,13,2026-02-04 06:11:16
1439,The email confirmation came through. Waiting now.,neutral,Jio,Twitter,Jaipur,2647,267,2026-02-05 02:48:16
101,"Smooth checkout, accurate tracking, on-time delivery. Perfect!",positive,Meesho,Trustpilot,Delhi,3850,356,2026-03-11 02:54:16
1268,The restaurant I usually order from is closed today.,neutral,Nykaa,Trustpilot,Kolkata,3242,7,2026-03-16 05:42:16
1105,The cashback will reflect in 3-5 business days apparently.,neutral,BYJU's,App Store,Ahmedabad,3876,775,2026-03-19 17:47:16
1053,My order status shows 'out for delivery'. Let's see. tbh,neutral,MakeMyTrip,Reddit,Jaipur,2694,932,2026-02-18 21:45:16
1343,Just signed up for the service. Will post a review later.,neutral,Meesho,App Store,Kochi,3944,707,2026-03-21 12:07:16
1370,Saw the movie listing. Might go this weekend. 👎,neutral,Swiggy,Reddit,Jaipur,4096,319,2026-03-11 18:11:16
1170,Got an OTP for my account. All seems normal.,neutral,Flipkart,Trustpilot,Kolkata,3066,306,2026-03-16 23:17:16
393,Fast internet speeds all day. The telecom finally delivered.,positive,Zomato,Facebook,Chennai,3137,140,2026-03-10 06:33:16
239,The product quality has improved drastically. Really happy!,positive,Jio,Play Store,Bangalore,3765,934,2026-02-23 02:40:16
888,The new update ruined everything. Please roll it back. 👎,negative,HDFC Bank,Facebook,Delhi,1292,255,2026-02-24 14:25:16
163,Just received my order — looks exactly like the photos. Very satisfied!,positive,Uber,Google Reviews,Chennai,943,414,2026-04-30 03:04:16
527,Netflix keeps buffering. Your streaming quality is horrible.,negative,Meesho,Twitter,Kochi,4742,414,2026-02-16 06:16:16
377,Discounts during the sale were amazing. Saved so much money!,positive,Meesho,Twitter,Pune,11,777,2026-02-07 00:20:16
46,Very happy with my purchase. Packaging was neat and delivery was early.,positive,Meesho,Reddit,Hyderabad,193,675,2026-04-08 00:53:16
1481,The price dropped slightly from last week. #happy,neutral,Meesho,Twitter,Ahmedabad,4977,647,2026-03-04 22:03:16
1345,The app just got an update. Downloading it now. #mustwatch,neutral,Ola,Instagram,Chennai,2546,736,2026-05-01 21:35:16
1384,The email confirmation came through. Waiting now.,neutral,MakeMyTrip,Trustpilot,Chennai,642,208,2026-04-14 21:00:16
1301,Considering switching plans. Need to compare options first.,neutral,HDFC Bank,Twitter,Mumbai,2127,904,2026-04-27 10:11:16
162,Customer support was extremely helpful and resolved everything quickly. #avoid,positive,Zomato,Google Reviews,Mumbai,3766,943,2026-04-23 02:38:16
1050,Just signed up for the service. Will post a review later.,neutral,Jio,Google Reviews,Bangalore,907,132,2026-02-22 23:44:16
783,Subscription auto-renewed without my consent. Scam!,negative,Airtel,Reddit,Kochi,3878,857,2026-03-04 05:14:16
1360,Delivery partner just called to confirm my address.,neutral,BYJU's,Reddit,Hyderabad,863,921,2026-04-09 13:17:16
1248,Saw the movie listing. Might go this weekend. tbh,neutral,Meesho,Trustpilot,Delhi,2858,477,2026-03-03 16:40:16
301,"Best banking app ever. Zero crashes, super fast transactions.",positive,Jio,Google Reviews,Bangalore,4799,676,2026-03-15 10:25:16
79,The packaging is eco-friendly AND beautiful. Good job brand! !!!,positive,Amazon,Trustpilot,Hyderabad,3806,583,2026-02-12 15:50:16
1335,Checked the website. The product is still in stock.,neutral,BYJU's,Google Reviews,Kolkata,3269,990,2026-04-20 04:16:16
669,Three cancellations in a row. Your service is unreliable. #disappointed,negative,Nykaa,Instagram,Ahmedabad,3700,92,2026-02-27 10:03:16
157,Brilliant feature update. This is exactly what users needed.,positive,Ola,Facebook,Chennai,3629,677,2026-03-08 21:36:16
84,Just received my order — looks exactly like the photos. Very satisfied!,positive,BookMyShow,Play Store,Pune,3717,277,2026-03-24 05:00:16
1270,Just received my order. Will update once I try the product. lol,neutral,Meesho,Play Store,Pune,1396,982,2026-02-17 23:59:16
1166,Just received my order. Will update once I try the product.,neutral,MakeMyTrip,Google Reviews,Hyderabad,2497,951,2026-02-08 20:22:16
1073,Waiting for the sale to start to make my purchase.,neutral,BYJU's,Instagram,Pune,1436,650,2026-02-03 02:20:16
500,Love how the brand listens to customer feedback. Keep it up! #avoid,positive,Flipkart,App Store,Ahmedabad,1453,699,2026-04-23 08:03:16
1265,The new menu options look interesting. Will try next time.,neutral,Swiggy,Twitter,Kochi,3369,106,2026-02-27 13:26:16
939,Overpriced for the quality you get. Not worth it at all.,negative,Netflix,Reddit,Bangalore,4962,503,2026-04-19 23:43:16
708,Data privacy is a concern. This app accesses too much.,negative,Nykaa,Play Store,Kolkata,1502,716,2026-02-06 02:24:16
563,Flipkart sent me a broken product. Absolute waste of money.,negative,BookMyShow,App Store,Pune,958,822,2026-02-26 04:18:16
883,Three cancellations in a row. Your service is unreliable.,negative,Nykaa,App Store,Chennai,739,958,2026-04-02 04:01:16
1011,Just received my order. Will update once I try the product.,neutral,Airtel,Google Reviews,Kochi,829,347,2026-02-07 15:24:16
297,Swiggy support gave me a refund instantly. Highly impressed.,positive,Zomato,Reddit,Kochi,1181,770,2026-03-13 10:55:16
259,The product quality has improved drastically. Really happy!,positive,BYJU's,Reddit,Kochi,670,538,2026-03-05 20:29:16
194,Loving every episode. This is award-winning content for sure.,positive,BookMyShow,Twitter,Kolkata,3851,44,2026-02-10 00:51:16
1332,Downloaded the app. Setting up my profile right now.,neutral,Zomato,Trustpilot,Chennai,41,440,2026-03-17 15:21:16
173,"Ordered groceries on Swiggy Instamart, arrived in 8 minutes. Wow! #avoid",positive,Airtel,Trustpilot,Jaipur,4282,624,2026-04-12 01:51:16
359,This app makes my life so much easier. Love the UI design. #trending,positive,BYJU's,Reddit,Ahmedabad,3161,115,2026-04-01 21:34:16
510,Constant outages. Your service reliability is a joke. #mustwatch,negative,Ola,Reddit,Kolkata,851,210,2026-02-22 14:18:16
812,The food was cold and stale. Never ordering from here again.,negative,HDFC Bank,Google Reviews,Bangalore,3503,378,2026-03-14 02:14:16
1327,My subscription renews next week. Checking plans.,neutral,Ola,Trustpilot,Jaipur,1433,271,2026-02-05 01:18:16
75,Finally a food delivery app that gets it right. Bravo Zomato! #avoid,positive,BYJU's,App Store,Kochi,991,815,2026-02-19 11:52:16
732,Hidden charges appeared at checkout. Totally misleading pricing.,negative,BYJU's,App Store,Chennai,1372,36,2026-02-02 17:27:16
1330,Just received my order. Will update once I try the product.,neutral,Ola,Instagram,Ahmedabad,1230,535,2026-03-25 17:39:16
1221,Saw the movie listing. Might go this weekend.,neutral,Meesho,Instagram,Chennai,3771,147,2026-02-20 23:59:16
73,The movie was fantastic. Brilliant screenplay and acting.,positive,Netflix,Facebook,Bangalore,2548,110,2026-02-17 12:15:16
610,The battery drains so fast on this phone. Very disappointed. #trending,negative,MakeMyTrip,Trustpilot,Kochi,1269,380,2026-04-21 06:04:16
665,My account got locked for no reason. Very frustrating! #avoid,negative,Meesho,Google Reviews,Pune,3228,626,2026-02-17 17:40:16
915,My account got locked for no reason. Very frustrating!,negative,Netflix,Facebook,Chennai,4021,820,2026-03-07 13:23:16
36,Very happy with my purchase. Packaging was neat and delivery was early. #disappointed,positive,Uber,App Store,Kochi,4333,8,2026-02-05 19:55:16
855,Food arrived without utensils. How do you expect me to eat? #trending,negative,Jio,App Store,Ahmedabad,4841,994,2026-03-14 17:31:16
731,Hidden charges appeared at checkout. Totally misleading pricing.,negative,Zomato,Trustpilot,Ahmedabad,4199,927,2026-03-02 18:28:16
601,Worst experience ever. Filed a complaint but got no response.,negative,Netflix,Twitter,Jaipur,181,190,2026-04-19 03:57:16
1329,Just signed up for the service. Will post a review later.,neutral,Swiggy,Google Reviews,Ahmedabad,4642,991,2026-03-19 04:07:16
548,Subscription auto-renewed without my consent. Scam! omg,negative,BYJU's,Reddit,Delhi,2320,612,2026-02-21 23:58:16
1112,Saw the movie listing. Might go this weekend.,neutral,Swiggy,Google Reviews,Chennai,4973,199,2026-04-13 20:18:16
49,Loving every episode. This is award-winning content for sure.,positive,MakeMyTrip,Facebook,Kolkata,4723,194,2026-03-31 11:29:16
607,Overpriced for the quality you get. Not worth it at all.,negative,Nykaa,Play Store,Bangalore,345,762,2026-02-20 21:07:16
1494,The restaurant I usually order from is closed today.,neutral,BookMyShow,Trustpilot,Bangalore,300,972,2026-02-17 01:05:16
1377,Waiting for the sale to start to make my purchase.,neutral,Jio,Google Reviews,Jaipur,1128,118,2026-03-07 09:17:16
517,Overpriced for the quality you get. Not worth it at all.,negative,BYJU's,Play Store,Mumbai,4534,895,2026-02-20 09:07:16
757,Netflix keeps buffering. Your streaming quality is horrible.,negative,Meesho,Play Store,Delhi,3765,778,2026-03-25 17:02:16
1394,The new Netflix show premiered today. Haven't watched yet.,neutral,HDFC Bank,App Store,Chennai,4980,12,2026-04-17 03:38:16
103,Great experience from start to finish. Will definitely buy again. 👎,positive,HDFC Bank,Facebook,Kolkata,4215,844,2026-05-01 15:19:16
752,Constant outages. Your service reliability is a joke. omg,negative,Uber,App Store,Delhi,285,74,2026-04-22 18:28:16
943,Data privacy is a concern. This app accesses too much. #avoid,negative,Meesho,Facebook,Mumbai,3586,818,2026-03-05 10:08:16
1003,Checked the website. The product is still in stock.,neutral,Airtel,Play Store,Mumbai,3210,199,2026-03-21 10:18:16
249,Prompt refund processed in 2 days. That's what I call service!,positive,Nykaa,Twitter,Bangalore,3423,903,2026-04-10 11:21:16
82,Prompt refund processed in 2 days. That's what I call service!,positive,BookMyShow,Reddit,Ahmedabad,4020,458,2026-04-30 10:56:16
577,Worst experience ever. Filed a complaint but got no response.,negative,BYJU's,Play Store,Pune,3281,286,2026-03-06 07:38:16
952,Subscription auto-renewed without my consent. Scam!,negative,Ola,App Store,Pune,2819,8,2026-03-27 20:35:16
100,The movie was fantastic. Brilliant screenplay and acting.,positive,BYJU's,Instagram,Ahmedabad,4251,667,2026-03-07 05:03:16
891,Data privacy is a concern. This app accesses too much.,negative,Meesho,Reddit,Mumbai,188,945,2026-02-19 16:35:16
1350,The new feature is available. Yet to explore it fully. #avoid,neutral,Uber,Reddit,Ahmedabad,3935,296,2026-03-25 16:08:16
1259,Saw the movie listing. Might go this weekend. omg,neutral,Ola,Facebook,Mumbai,1790,763,2026-04-07 23:30:16
1055,Tracking shows my parcel is in Bangalore warehouse.,neutral,Meesho,Instagram,Kolkata,2040,183,2026-02-11 13:47:16
405,Exceeded all expectations. Highly recommend to everyone! #disappointed,positive,Uber,Play Store,Hyderabad,4824,834,2026-04-10 00:55:16
529,Food arrived without utensils. How do you expect me to eat? omg,negative,BookMyShow,Facebook,Kolkata,2980,514,2026-04-30 15:59:16
1209,The cashback will reflect in 3-5 business days apparently.,neutral,Jio,Instagram,Mumbai,1837,24,2026-04-02 23:50:16
691,Hidden charges appeared at checkout. Totally misleading pricing.,negative,Meesho,Google Reviews,Mumbai,4268,306,2026-02-18 13:31:16
15,Very happy with my purchase. Packaging was neat and delivery was early.,positive,Airtel,Twitter,Chennai,4100,780,2026-04-09 20:16:16
308,Just received my order — looks exactly like the photos. Very satisfied! !!!,positive,HDFC Bank,App Store,Hyderabad,4061,608,2026-02-13 06:45:16
164,Loving every episode. This is award-winning content for sure.,positive,Airtel,Play Store,Delhi,3577,864,2026-04-19 05:47:16
786,Product doesn't match the description at all. Misleading. #disappointed,negative,Jio,Trustpilot,Delhi,3706,507,2026-04-02 10:39:16
1089,The restaurant I usually order from is closed today.,neutral,Nykaa,Google Reviews,Kolkata,3056,393,2026-03-01 03:33:16
869,No one from support has called back in 3 days. Pathetic.,negative,Zomato,Reddit,Pune,3788,151,2026-04-02 08:27:16
367,"Ordered groceries on Swiggy Instamart, arrived in 8 minutes. Wow!",positive,HDFC Bank,App Store,Bangalore,3046,129,2026-03-28 13:18:16
229,Amazon Prime delivery was super fast. Product quality is excellent.,positive,Amazon,Facebook,Kolkata,4130,461,2026-02-21 04:22:16
748,The refund promised 7 days ago has still not arrived. #mustwatch,negative,BYJU's,Instagram,Delhi,1509,259,2026-03-25 22:32:16
1096,Saw an ad for this product. Anyone tried it? 👎,neutral,BookMyShow,Google Reviews,Kochi,2522,751,2026-03-10 13:19:16
687,The food quality has gone downhill. Not what it used to be.,negative,Flipkart,Twitter,Hyderabad,2307,260,2026-04-24 03:55:16
1500,Customer support asked for more details about my issue.,neutral,Airtel,Trustpilot,Kochi,4718,711,2026-03-07 13:49:16
764,Waited 2 hours for my order and it still hasn't arrived. Terrible! #trending,negative,Nykaa,App Store,Delhi,3737,625,2026-04-10 19:10:16
1029,The app just got an update. Downloading it now.,neutral,Zomato,App Store,Bangalore,4163,991,2026-02-16 22:01:16
923,My account got locked for no reason. Very frustrating!,negative,Swiggy,Trustpilot,Bangalore,1492,863,2026-03-13 12:09:16
1237,Not sure if I should upgrade to the premium plan.,neutral,Zomato,App Store,Bangalore,1241,698,2026-03-04 10:18:16
238,Just received my order — looks exactly like the photos. Very satisfied!,positive,Jio,Trustpilot,Mumbai,1131,531,2026-04-05 19:54:16
1299,Tracking shows my parcel is in Bangalore warehouse.,neutral,Airtel,Trustpilot,Delhi,3063,960,2026-02-12 10:13:16
530,Food arrived without utensils. How do you expect me to eat?,negative,MakeMyTrip,Instagram,Jaipur,1149,456,2026-04-12 07:38:16
871,Food arrived without utensils. How do you expect me to eat?,negative,Meesho,App Store,Bangalore,2100,703,2026-02-15 05:49:16
621,The food was cold and stale. Never ordering from here again.,negative,MakeMyTrip,Facebook,Mumbai,1709,671,2026-03-01 10:45:16
112,Swiggy support gave me a refund instantly. Highly impressed.,positive,Flipkart,Reddit,Kochi,3137,239,2026-03-11 11:54:16
866,Zomato driver was rude and delivered the wrong order.,negative,Amazon,Google Reviews,Jaipur,2566,204,2026-03-10 00:58:16
823,Data privacy is a concern. This app accesses too much.,negative,HDFC Bank,Instagram,Mumbai,2233,369,2026-03-09 16:16:16
1379,Zomato has added new restaurants to my area.,neutral,Flipkart,Google Reviews,Jaipur,4653,46,2026-04-30 13:59:16
996,Three cancellations in a row. Your service is unreliable.,negative,Flipkart,Facebook,Kochi,2483,827,2026-04-04 05:43:16
24,"Best banking app ever. Zero crashes, super fast transactions.",positive,BYJU's,Google Reviews,Hyderabad,772,99,2026-02-06 23:52:16
932,Worst experience ever. Filed a complaint but got no response. tbh,negative,Zomato,Play Store,Mumbai,841,645,2026-03-07 23:20:16
1380,Downloaded the app. Setting up my profile right now. #trending,neutral,Netflix,Trustpilot,Bangalore,2315,44,2026-03-23 01:36:16
1487,My subscription renews next week. Checking plans. omg,neutral,Zomato,App Store,Kochi,1627,705,2026-02-27 00:03:16
1177,Got an OTP for my account. All seems normal.,neutral,MakeMyTrip,Instagram,Jaipur,1530,255,2026-03-28 09:19:16
1421,The cashback will reflect in 3-5 business days apparently.,neutral,MakeMyTrip,Google Reviews,Chennai,2644,393,2026-03-23 08:05:16
654,The app crashes every time I open it. Fix your bugs!,negative,Jio,Instagram,Delhi,3131,533,2026-02-04 17:19:16
330,"Ordered groceries on Swiggy Instamart, arrived in 8 minutes. Wow!",positive,Netflix,Google Reviews,Kolkata,4885,141,2026-02-18 00:47:16
26,Amazon Prime delivery was super fast. Product quality is excellent. omg,positive,Netflix,Google Reviews,Bangalore,2281,473,2026-04-01 10:46:16
829,The app crashes every time I open it. Fix your bugs!,negative,Airtel,Play Store,Chennai,2970,142,2026-03-06 17:41:16
1344,Considering switching plans. Need to compare options first.,neutral,BookMyShow,Twitter,Hyderabad,4229,147,2026-02-19 13:43:16
208,"Best banking app ever. Zero crashes, super fast transactions.",positive,Zomato,Instagram,Ahmedabad,4241,396,2026-02-20 09:58:16
710,"Terrible UI, hard to navigate, laggy. Not worth using.",negative,Amazon,Play Store,Kochi,4707,130,2026-02-26 09:49:16
170,Very happy with my purchase. Packaging was neat and delivery was early.,positive,Zomato,Twitter,Pune,2351,78,2026-02-09 10:35:16
953,Three cancellations in a row. Your service is unreliable. tbh,negative,Airtel,Reddit,Jaipur,3622,714,2026-03-18 16:49:16
218,Finally a food delivery app that gets it right. Bravo Zomato! #happy,positive,Netflix,Instagram,Kochi,4957,345,2026-02-19 11:22:16
1060,Saw the movie listing. Might go this weekend. #trending,neutral,Zomato,App Store,Delhi,1118,334,2026-02-05 13:45:16
1393,Just received my order. Will update once I try the product. #mustwatch,neutral,Amazon,Facebook,Hyderabad,4446,302,2026-03-19 18:49:16
335,"Ordered groceries on Swiggy Instamart, arrived in 8 minutes. Wow!",positive,MakeMyTrip,Trustpilot,Jaipur,4184,115,2026-02-18 09:57:16
368,Flipkart customer service resolved my issue in minutes. Impressed!,positive,Zomato,Play Store,Kolkata,2228,536,2026-04-24 04:29:16
864,Zomato driver was rude and delivered the wrong order.,negative,Jio,Reddit,Kochi,753,734,2026-02-17 09:37:16
535,The battery drains so fast on this phone. Very disappointed.,negative,HDFC Bank,Play Store,Ahmedabad,3949,908,2026-02-14 12:42:16
72,My go-to shopping app. Never disappointed me once. ...,positive,Flipkart,Instagram,Ahmedabad,937,577,2026-04-04 22:30:16
985,Constant outages. Your service reliability is a joke.,negative,BYJU's,Instagram,Pune,4427,172,2026-03-31 19:47:16
793,My package has been stuck in transit for 10 days. Unacceptable! #disappointed,negative,Uber,Facebook,Jaipur,1677,141,2026-03-21 05:40:16
638,The refund promised 7 days ago has still not arrived.,negative,Swiggy,Reddit,Kolkata,2373,805,2026-03-13 09:06:16
584,My account got locked for no reason. Very frustrating! lol,negative,Ola,Trustpilot,Ahmedabad,642,390,2026-02-13 03:45:16
309,Flipkart customer service resolved my issue in minutes. Impressed! #trending,positive,Jio,Play Store,Kochi,3112,823,2026-03-20 22:53:16
872,The battery drains so fast on this phone. Very disappointed. 🔥,negative,Zomato,Reddit,Chennai,3802,497,2026-02-19 23:47:16
369,"Smooth checkout, accurate tracking, on-time delivery. Perfect!",positive,Airtel,Trustpilot,Jaipur,2950,56,2026-02-27 19:04:16
1340,Checked the website. The product is still in stock.,neutral,BYJU's,Google Reviews,Delhi,1151,629,2026-03-25 05:37:16
787,My account got locked for no reason. Very frustrating! #avoid,negative,Jio,Reddit,Bangalore,2936,302,2026-04-01 17:09:16
696,Charged twice for a single order and no one is helping. 🔥,negative,Nykaa,Facebook,Ahmedabad,4145,25,2026-03-01 21:05:16
191,"Best banking app ever. Zero crashes, super fast transactions.",positive,BYJU's,Trustpilot,Delhi,908,856,2026-02-27 17:40:16
892,Constant outages. Your service reliability is a joke. !!!,negative,Airtel,Reddit,Chennai,1382,50,2026-03-11 17:47:16
619,Flipkart sent me a broken product. Absolute waste of money. #mustwatch,negative,Swiggy,Twitter,Bangalore,1463,894,2026-04-28 07:08:16
433,Netflix's new series is absolutely mind-blowing. Can't stop watching! 🔥,positive,Nykaa,Google Reviews,Ahmedabad,4231,888,2026-03-16 11:42:16
91,Brilliant feature update. This is exactly what users needed.,positive,MakeMyTrip,Reddit,Jaipur,3116,461,2026-03-07 03:19:16
385,"Ordered groceries on Swiggy Instamart, arrived in 8 minutes. Wow!",positive,Amazon,Twitter,Hyderabad,2685,151,2026-04-20 14:59:16
1024,My subscription renews next week. Checking plans.,neutral,HDFC Bank,Reddit,Bangalore,1605,22,2026-04-10 04:16:16
283,"Smooth checkout, accurate tracking, on-time delivery. Perfect!",positive,Uber,Instagram,Mumbai,2136,566,2026-02-16 18:28:16
472,Zomato delivered in 20 minutes. Food was piping hot. 5 stars!,positive,Meesho,Instagram,Delhi,3408,933,2026-02-15 21:23:16
1323,Considering switching plans. Need to compare options first.,neutral,BookMyShow,App Store,Ahmedabad,2076,373,2026-03-05 12:22:16
159,"Smooth checkout, accurate tracking, on-time delivery. Perfect!",positive,Ola,App Store,Mumbai,1806,404,2026-02-15 12:14:16
816,Subscription auto-renewed without my consent. Scam!,negative,Amazon,Google Reviews,Bangalore,4553,473,2026-01-31 18:26:16
1228,Tracking shows my parcel is in Bangalore warehouse.,neutral,Jio,Instagram,Chennai,753,534,2026-03-15 08:27:16
1251,Flipkart's sale starts tomorrow. Checking out the deals. #trending,neutral,BookMyShow,Instagram,Ahmedabad,1192,655,2026-04-05 02:38:16
4,Loving every episode. This is award-winning content for sure. tbh,positive,HDFC Bank,App Store,Bangalore,1763,980,2026-03-20 10:09:16
1027,The email confirmation came through. Waiting now.,neutral,BYJU's,Reddit,Hyderabad,4362,387,2026-02-03 01:54:16
697,Worst experience ever. Filed a complaint but got no response.,negative,Airtel,App Store,Pune,1173,787,2026-04-19 20:31:16
742,Hidden charges appeared at checkout. Totally misleading pricing.,negative,Ola,Twitter,Delhi,4352,652,2026-03-17 23:35:16
756,My account got locked for no reason. Very frustrating!,negative,MakeMyTrip,Play Store,Pune,2480,410,2026-04-24 16:33:16
482,Finally a food delivery app that gets it right. Bravo Zomato!,positive,HDFC Bank,Play Store,Mumbai,1826,864,2026-03-05 02:39:16
365,Netflix's new series is absolutely mind-blowing. Can't stop watching!,positive,Jio,Reddit,Mumbai,2002,88,2026-03-08 09:45:16
1247,The new menu options look interesting. Will try next time. #disappointed,neutral,Zomato,Instagram,Delhi,2381,384,2026-04-11 18:49:16
455,"Unboxing was a delight. Premium quality, fast delivery. Worth every rupee.",positive,Zomato,Reddit,Pune,115,913,2026-03-21 21:02:16
56,Amazon Prime delivery was super fast. Product quality is excellent. #trending,positive,Flipkart,Trustpilot,Kochi,596,466,2026-03-09 16:38:16
1202,Customer support asked for more details about my issue.,neutral,Netflix,Reddit,Kochi,4018,965,2026-04-08 16:56:16
1372,Ordered the product last night. Delivery expected in 3 days.,neutral,BYJU's,Twitter,Bangalore,1673,560,2026-03-20 15:16:16
1001,The email confirmation came through. Waiting now.,neutral,Jio,Twitter,Pune,3543,864,2026-03-11 05:07:16
711,Platform is full of fake reviews. Very misleading.,negative,Swiggy,Play Store,Jaipur,581,811,2026-03-24 19:45:16
147,Love how the brand listens to customer feedback. Keep it up!,positive,BYJU's,Facebook,Jaipur,1761,440,2026-03-06 05:48:16
1094,The new feature is available. Yet to explore it fully.,neutral,Ola,Instagram,Mumbai,956,789,2026-04-20 16:29:16
807,Hidden charges appeared at checkout. Totally misleading pricing. #avoid,negative,BookMyShow,Play Store,Chennai,3882,917,2026-03-25 18:32:16
1474,Flipkart's sale starts tomorrow. Checking out the deals. tbh,neutral,Jio,Google Reviews,Ahmedabad,2908,319,2026-02-25 02:41:16
870,Overpriced for the quality you get. Not worth it at all.,negative,Meesho,Google Reviews,Kolkata,2610,880,2026-04-23 17:01:16
1382,Zomato has added new restaurants to my area. #disappointed,neutral,Flipkart,Trustpilot,Pune,1804,454,2026-03-25 01:25:16
580,Data privacy is a concern. This app accesses too much.,negative,BookMyShow,Play Store,Ahmedabad,2457,256,2026-02-19 19:11:16
670,My account got locked for no reason. Very frustrating!,negative,Nykaa,Instagram,Kolkata,3387,331,2026-03-06 13:03:16
819,Zomato driver was rude and delivered the wrong order.,negative,Meesho,Trustpilot,Delhi,2356,427,2026-04-09 21:16:16
274,Just received my order — looks exactly like the photos. Very satisfied!,positive,Zomato,Play Store,Kolkata,4296,326,2026-02-01 23:48:16
652,Paid for express delivery and it took 5 days. Ridiculous!,negative,Netflix,Twitter,Pune,2882,363,2026-02-11 03:59:16
264,"Smooth checkout, accurate tracking, on-time delivery. Perfect! tbh",positive,HDFC Bank,Facebook,Jaipur,493,957,2026-04-23 22:12:16
794,Flipkart sent me a broken product. Absolute waste of money.,negative,Uber,Reddit,Hyderabad,2625,361,2026-03-28 20:31:16
197,Finally a food delivery app that gets it right. Bravo Zomato! #mustwatch,positive,Airtel,Trustpilot,Bangalore,1104,64,2026-03-05 11:56:16
498,So easy to use. Even my grandmother figured it out in seconds.,positive,Nykaa,Google Reviews,Kolkata,3412,979,2026-02-04 02:39:16
950,"Terrible UI, hard to navigate, laggy. Not worth using. #trending",negative,Uber,Facebook,Delhi,2771,322,2026-03-12 07:47:16
771,Constant outages. Your service reliability is a joke. omg,negative,Jio,Reddit,Bangalore,308,610,2026-04-08 14:43:16
1369,Notification says my order is nearby. Fingers crossed.,neutral,Flipkart,App Store,Chennai,3198,720,2026-03-18 10:19:16
968,No one from support has called back in 3 days. Pathetic.,negative,Nykaa,App Store,Chennai,1766,187,2026-03-01 13:07:16
436,Amazon Prime delivery was super fast. Product quality is excellent. omg,positive,BookMyShow,Google Reviews,Delhi,250,247,2026-03-15 21:36:16
808,The app crashes every time I open it. Fix your bugs!,negative,Uber,Trustpilot,Pune,920,749,2026-03-02 12:06:16
1407,Considering switching plans. Need to compare options first.,neutral,Uber,Facebook,Jaipur,421,621,2026-03-02 15:41:16
1127,Waiting for the sale to start to make my purchase. #mustwatch,neutral,Nykaa,Instagram,Mumbai,4488,401,2026-03-19 23:31:16
965,Product doesn't match the description at all. Misleading. 🔥,negative,Airtel,Trustpilot,Mumbai,1284,966,2026-02-20 01:16:16
205,"Ordered groceries on Swiggy Instamart, arrived in 8 minutes. Wow!",positive,Netflix,Trustpilot,Mumbai,1034,68,2026-04-01 16:51:16
706,My account got locked for no reason. Very frustrating!,negative,BookMyShow,Facebook,Ahmedabad,4651,134,2026-04-20 14:45:16
327,Exceeded all expectations. Highly recommend to everyone! !!!,positive,Amazon,Trustpilot,Jaipur,2567,611,2026-03-13 17:49:16
978,Product doesn't match the description at all. Misleading.,negative,Amazon,Facebook,Delhi,813,554,2026-04-11 04:05:16
11,The movie was fantastic. Brilliant screenplay and acting. #avoid,positive,BookMyShow,App Store,Kochi,3509,919,2026-02-17 00:51:16
767,The app crashes every time I open it. Fix your bugs!,negative,BYJU's,Reddit,Mumbai,4858,177,2026-03-21 11:07:16
1138,Saw an ad for this product. Anyone tried it? ...,neutral,Swiggy,Play Store,Delhi,4403,189,2026-03-11 15:13:16
1403,Just signed up for the service. Will post a review later.,neutral,HDFC Bank,Play Store,Kolkata,3069,481,2026-03-25 18:13:16
316,Discounts during the sale were amazing. Saved so much money!,positive,Nykaa,Google Reviews,Jaipur,301,809,2026-03-16 14:17:16
502,No one from support has called back in 3 days. Pathetic.,negative,Zomato,Play Store,Ahmedabad,1268,40,2026-04-13 02:36:16
185,"Unboxing was a delight. Premium quality, fast delivery. Worth every rupee.",positive,BookMyShow,Facebook,Jaipur,1021,291,2026-04-22 07:57:16
895,Platform is full of fake reviews. Very misleading.,negative,Amazon,Trustpilot,Kolkata,1066,441,2026-04-05 18:01:16
417,My go-to shopping app. Never disappointed me once.,positive,MakeMyTrip,Trustpilot,Hyderabad,794,26,2026-04-06 07:34:16
484,Exceeded all expectations. Highly recommend to everyone!,positive,Ola,App Store,Jaipur,4276,382,2026-02-02 10:12:16
379,So easy to use. Even my grandmother figured it out in seconds. #trending,positive,Nykaa,Reddit,Jaipur,3383,717,2026-03-15 22:27:16
165,"Smooth checkout, accurate tracking, on-time delivery. Perfect!",positive,Swiggy,Google Reviews,Chennai,2781,226,2026-03-21 08:10:16
630,The food was cold and stale. Never ordering from here again.,negative,MakeMyTrip,Twitter,Jaipur,1106,911,2026-03-25 12:55:16
618,Product doesn't match the description at all. Misleading.,negative,BYJU's,Instagram,Kochi,2319,330,2026-03-10 16:54:16
353,Netflix's new series is absolutely mind-blowing. Can't stop watching!,positive,Swiggy,Facebook,Pune,3011,902,2026-03-25 08:50:16
411,My go-to shopping app. Never disappointed me once.,positive,Meesho,Reddit,Bangalore,3696,75,2026-04-28 04:13:16
303,Finally a food delivery app that gets it right. Bravo Zomato! tbh,positive,HDFC Bank,Play Store,Delhi,749,5,2026-03-23 22:51:16
1349,Saw the movie listing. Might go this weekend.,neutral,Swiggy,Google Reviews,Bangalore,177,189,2026-04-13 13:32:16
2,Fast internet speeds all day. The telecom finally delivered.,positive,MakeMyTrip,Google Reviews,Mumbai,244,95,2026-04-05 05:42:16
944,Charged twice for a single order and no one is helping.,negative,BYJU's,Facebook,Jaipur,343,519,2026-04-19 07:34:16
339,Finally a food delivery app that gets it right. Bravo Zomato!,positive,MakeMyTrip,Instagram,Hyderabad,1695,824,2026-04-24 18:52:16
811,"Terrible UI, hard to navigate, laggy. Not worth using.",negative,Swiggy,Google Reviews,Hyderabad,4017,325,2026-02-13 17:42:16
940,Zomato driver was rude and delivered the wrong order. #disappointed,negative,Zomato,Twitter,Pune,2136,365,2026-02-05 08:03:16
709,Food arrived without utensils. How do you expect me to eat?,negative,Airtel,Trustpilot,Mumbai,535,486,2026-04-18 01:44:16
290,Absolutely love this product! Best purchase I've made all year.,positive,Amazon,App Store,Mumbai,4114,832,2026-02-01 15:47:16
634,Charged twice for a single order and no one is helping.,negative,Airtel,Facebook,Kochi,2460,38,2026-02-18 01:09:16
186,Great experience from start to finish. Will definitely buy again.,positive,Netflix,Google Reviews,Delhi,1818,836,2026-03-06 01:15:16
111,"Unboxing was a delight. Premium quality, fast delivery. Worth every rupee.",positive,Airtel,Trustpilot,Pune,2723,565,2026-02-22 00:45:16
683,Worst experience ever. Filed a complaint but got no response.,negative,Swiggy,Facebook,Ahmedabad,4954,956,2026-02-01 03:47:16
1359,Waiting for the sale to start to make my purchase. #trending,neutral,Meesho,Instagram,Hyderabad,790,681,2026-04-18 21:15:16
267,Discounts during the sale were amazing. Saved so much money!,positive,Netflix,Reddit,Mumbai,186,305,2026-03-03 15:28:16
286,Customer support was extremely helpful and resolved everything quickly. #avoid,positive,BookMyShow,Trustpilot,Bangalore,4441,657,2026-04-24 21:12:16
1164,The new Netflix show premiered today. Haven't watched yet.,neutral,Jio,Instagram,Pune,927,346,2026-02-05 05:21:16
407,Love how the brand listens to customer feedback. Keep it up!,positive,BYJU's,Reddit,Kochi,852,959,2026-02-28 08:53:16
1074,Delivery partner just called to confirm my address.,neutral,HDFC Bank,Twitter,Kochi,4792,459,2026-03-14 20:34:16
1429,Just signed up for the service. Will post a review later. lol,neutral,Amazon,Trustpilot,Jaipur,606,723,2026-02-03 02:17:16
1223,The restaurant I usually order from is closed today. !!!,neutral,Ola,Facebook,Ahmedabad,4865,891,2026-04-12 13:05:16
616,Swiggy cancelled my order with no reason and no refund!,negative,Airtel,Twitter,Jaipur,3105,751,2026-04-09 12:35:16
341,The product quality has improved drastically. Really happy!,positive,Netflix,Google Reviews,Mumbai,2271,887,2026-02-08 08:30:16
1049,Ordered the product last night. Delivery expected in 3 days. #mustwatch,neutral,BookMyShow,Facebook,Ahmedabad,470,377,2026-02-25 13:04:16
336,Brilliant feature update. This is exactly what users needed.,positive,HDFC Bank,Twitter,Ahmedabad,4475,223,2026-03-09 09:27:16
59,Zomato delivered in 20 minutes. Food was piping hot. 5 stars!,positive,Nykaa,Facebook,Ahmedabad,1092,820,2026-03-03 15:41:16
1215,Just signed up for the service. Will post a review later. omg,neutral,Uber,Trustpilot,Delhi,927,591,2026-03-08 13:57:16
821,My package has been stuck in transit for 10 days. Unacceptable!,negative,MakeMyTrip,Google Reviews,Chennai,3899,997,2026-02-03 09:51:16
1183,The new feature is available. Yet to explore it fully.,neutral,Zomato,Instagram,Mumbai,4,53,2026-02-06 13:54:16
552,The food quality has gone downhill. Not what it used to be.,negative,Airtel,Instagram,Pune,4580,568,2026-03-02 04:55:16
873,Constant outages. Your service reliability is a joke.,negative,Flipkart,Instagram,Chennai,1117,29,2026-03-30 04:32:16
863,The refund promised 7 days ago has still not arrived. tbh,negative,Flipkart,Trustpilot,Delhi,4389,219,2026-03-27 05:11:16
221,Great experience from start to finish. Will definitely buy again. #trending,positive,Netflix,Trustpilot,Kolkata,3966,475,2026-04-06 02:36:16
1039,The app asked me to rate my experience. Will do later.,neutral,Netflix,App Store,Mumbai,2453,288,2026-03-19 00:49:16
480,The packaging is eco-friendly AND beautiful. Good job brand!,positive,HDFC Bank,Facebook,Ahmedabad,145,105,2026-03-12 00:12:16
83,"Best banking app ever. Zero crashes, super fast transactions.",positive,Flipkart,App Store,Kochi,3023,484,2026-02-20 20:52:16
615,"Terrible UI, hard to navigate, laggy. Not worth using. #happy",negative,Nykaa,Instagram,Delhi,4351,158,2026-03-06 03:22:16
822,Product doesn't match the description at all. Misleading.,negative,Zomato,App Store,Bangalore,4764,59,2026-04-14 02:45:16
1390,Got an OTP for my account. All seems normal.,neutral,BYJU's,Twitter,Pune,3555,886,2026-03-08 13:15:16
989,App UI is confusing and hard to use. Very poor design. ...,negative,Uber,App Store,Kolkata,1727,625,2026-02-27 02:18:16
692,Hidden charges appeared at checkout. Totally misleading pricing.,negative,Zomato,Reddit,Kochi,2717,818,2026-03-18 11:05:16
1231,The new menu options look interesting. Will try next time.,neutral,Jio,Reddit,Chennai,888,106,2026-04-23 01:36:16
765,Platform is full of fake reviews. Very misleading.,negative,Swiggy,Trustpilot,Kochi,1806,64,2026-04-06 23:53:16
1482,Read mixed reviews online. Deciding whether to buy.,neutral,Ola,Facebook,Mumbai,3027,29,2026-02-12 15:05:16
518,The food was cold and stale. Never ordering from here again. #happy,negative,Jio,Facebook,Chennai,1720,766,2026-03-19 06:48:16
499,Zomato delivered in 20 minutes. Food was piping hot. 5 stars! 👎,positive,Flipkart,Trustpilot,Hyderabad,3012,773,2026-02-15 19:27:16
970,Data privacy is a concern. This app accesses too much.,negative,Jio,Trustpilot,Kochi,1087,780,2026-04-14 20:34:16
